-- phpMyAdmin SQL Dump
-- version 5.2.1
-- https://www.phpmyadmin.net/
--
-- Host: 127.0.0.1
-- Generation Time: Jul 08, 2025 at 04:04 PM
-- Server version: 10.4.32-MariaDB
-- PHP Version: 8.1.25

SET SQL_MODE = "NO_AUTO_VALUE_ON_ZERO";
START TRANSACTION;
SET time_zone = "+00:00";


/*!40101 SET @OLD_CHARACTER_SET_CLIENT=@@CHARACTER_SET_CLIENT */;
/*!40101 SET @OLD_CHARACTER_SET_RESULTS=@@CHARACTER_SET_RESULTS */;
/*!40101 SET @OLD_COLLATION_CONNECTION=@@COLLATION_CONNECTION */;
/*!40101 SET NAMES utf8mb4 */;

--
-- Database: `tokoku`
--

-- --------------------------------------------------------

--
-- Table structure for table `failed_jobs`
--

CREATE TABLE `failed_jobs` (
  `id` bigint(20) UNSIGNED NOT NULL,
  `uuid` varchar(255) NOT NULL,
  `connection` text NOT NULL,
  `queue` text NOT NULL,
  `payload` longtext NOT NULL,
  `exception` longtext NOT NULL,
  `failed_at` timestamp NOT NULL DEFAULT current_timestamp()
) ENGINE=InnoDB DEFAULT CHARSET=utf8mb4 COLLATE=utf8mb4_unicode_ci;

-- --------------------------------------------------------

--
-- Table structure for table `kategori`
--

CREATE TABLE `kategori` (
  `id_kategori` int(10) UNSIGNED NOT NULL,
  `nama_kategori` varchar(255) NOT NULL,
  `created_at` timestamp NULL DEFAULT NULL,
  `updated_at` timestamp NULL DEFAULT NULL
) ENGINE=InnoDB DEFAULT CHARSET=utf8mb4 COLLATE=utf8mb4_unicode_ci;

--
-- Dumping data for table `kategori`
--

INSERT INTO `kategori` (`id_kategori`, `nama_kategori`, `created_at`, `updated_at`) VALUES
(1, 'Minuman', '2025-03-01 03:00:00', '2025-03-01 03:00:00'),
(2, 'Makanan Ringan', '2025-03-01 03:00:00', '2025-03-01 03:00:00'),
(3, 'Sembako', '2025-03-01 03:00:00', '2025-03-01 03:00:00'),
(4, 'Peralatan Mandi', '2025-03-01 03:00:00', '2025-03-01 03:00:00'),
(5, 'Alat Tulis', '2025-03-01 03:00:00', '2025-03-01 03:00:00'),
(6, 'Obat', '2025-03-01 03:00:00', '2025-03-01 03:00:00'),
(7, 'Perabotan', '2025-03-01 03:00:00', '2025-03-01 03:00:00'),
(8, 'Kosmetik', '2025-03-01 03:00:00', '2025-03-01 03:00:00');

-- --------------------------------------------------------

--
-- Table structure for table `member`
--

CREATE TABLE `member` (
  `id_member` int(10) UNSIGNED NOT NULL,
  `kode_member` varchar(255) NOT NULL,
  `nama` varchar(255) NOT NULL,
  `alamat` text DEFAULT NULL,
  `telepon` varchar(255) NOT NULL,
  `created_at` timestamp NULL DEFAULT NULL,
  `updated_at` timestamp NULL DEFAULT NULL
) ENGINE=InnoDB DEFAULT CHARSET=utf8mb4 COLLATE=utf8mb4_unicode_ci;

--
-- Dumping data for table `member`
--

INSERT INTO `member` (`id_member`, `kode_member`, `nama`, `alamat`, `telepon`, `created_at`, `updated_at`) VALUES
(1, '00001', 'Gunawan', 'Jl. Melati No. 1', '081234567890', '2025-04-20 15:35:25', '2025-04-20 15:35:25'),
(2, '00002', 'Siti Aisyah', 'Jl. Mawar No. 2', '081234567891', '2025-04-20 15:35:25', '2025-04-20 15:35:25'),
(3, '00003', 'Bambang', 'Jl. Kenanga No. 3', '081234567892', '2025-04-20 15:35:25', '2025-04-20 15:35:25'),
(4, '00004', 'Rina', 'Jl. Anggrek No. 4', '081234567893', '2025-04-20 15:35:25', '2025-04-20 15:35:25'),
(5, '00005', 'Ahmad', 'Jl. Melur No. 5', '081234567894', '2025-04-20 15:35:25', '2025-04-20 15:35:25'),
(6, '00006', 'Dewi', 'Jl. Flamboyan No. 6', '081234567895', '2025-04-20 15:35:25', '2025-04-20 15:35:25'),
(7, '00007', 'Joko', 'Jl. Dahlia No. 7', '081234567896', '2025-04-20 15:35:25', '2025-04-20 15:35:25'),
(8, '00008', 'Fatimah', 'Jl. Sakura No. 8', '081234567897', '2025-04-20 15:35:25', '2025-04-20 15:35:25'),
(9, '00009', 'Dedi', 'Jl. Teratai No. 9', '081234567898', '2025-04-20 15:35:25', '2025-04-20 15:35:25'),
(10, '00010', 'Lina', 'Jl. Bougenville 10', '081234567899', '2025-04-20 15:35:25', '2025-04-20 15:35:25');

-- --------------------------------------------------------

--
-- Table structure for table `migrations`
--

CREATE TABLE `migrations` (
  `id` int(10) UNSIGNED NOT NULL,
  `migration` varchar(255) NOT NULL,
  `batch` int(11) NOT NULL
) ENGINE=InnoDB DEFAULT CHARSET=utf8mb4 COLLATE=utf8mb4_unicode_ci;

--
-- Dumping data for table `migrations`
--

INSERT INTO `migrations` (`id`, `migration`, `batch`) VALUES
(1, '2014_10_12_000000_create_users_table', 1),
(2, '2014_10_12_100000_create_password_resets_table', 1),
(3, '2014_10_12_200000_add_two_factor_columns_to_users_table', 1),
(4, '2019_08_19_000000_create_failed_jobs_table', 1),
(5, '2019_12_14_000001_create_personal_access_tokens_table', 1),
(6, '2021_03_05_194740_tambah_kolom_baru_to_users_table', 1),
(7, '2021_03_05_195441_buat_kategori_table', 1),
(8, '2021_03_05_195949_buat_produk_table', 1),
(9, '2021_03_05_200515_buat_member_table', 1),
(10, '2021_03_05_200706_buat_supplier_table', 1),
(11, '2021_03_05_200841_buat_pembelian_table', 1),
(12, '2021_03_05_200845_buat_pembelian_detail_table', 1),
(13, '2021_03_05_200853_buat_penjualan_table', 1),
(14, '2021_03_05_200858_buat_penjualan_detail_table', 1),
(15, '2021_03_05_200904_buat_setting_table', 1),
(16, '2021_03_05_201756_buat_pengeluaran_table', 1),
(17, '2021_03_11_225128_create_sessions_table', 1),
(18, '2021_03_24_115009_tambah_foreign_key_to_produk_table', 1),
(19, '2021_03_24_131829_tambah_kode_produk_to_produk_table', 1),
(20, '2021_05_08_220315_tambah_diskon_to_setting_table', 1),
(21, '2021_05_09_124745_edit_id_member_to_penjualan_table', 1);

-- --------------------------------------------------------

--
-- Table structure for table `password_resets`
--

CREATE TABLE `password_resets` (
  `email` varchar(255) NOT NULL,
  `token` varchar(255) NOT NULL,
  `created_at` timestamp NULL DEFAULT NULL
) ENGINE=InnoDB DEFAULT CHARSET=utf8mb4 COLLATE=utf8mb4_unicode_ci;

-- --------------------------------------------------------

--
-- Table structure for table `pembelian`
--

CREATE TABLE `pembelian` (
  `id_pembelian` int(10) UNSIGNED NOT NULL,
  `id_supplier` int(11) NOT NULL,
  `total_item` int(11) NOT NULL,
  `total_harga` int(11) NOT NULL,
  `diskon` tinyint(4) NOT NULL DEFAULT 0,
  `bayar` int(11) NOT NULL DEFAULT 0,
  `id_user` int(11) DEFAULT NULL,
  `created_at` timestamp NULL DEFAULT NULL,
  `updated_at` timestamp NULL DEFAULT NULL
) ENGINE=InnoDB DEFAULT CHARSET=utf8mb4 COLLATE=utf8mb4_unicode_ci;

--
-- Dumping data for table `pembelian`
--

INSERT INTO `pembelian` (`id_pembelian`, `id_supplier`, `total_item`, `total_harga`, `diskon`, `bayar`, `id_user`, `created_at`, `updated_at`) VALUES
(242, 3, 300, 3778380, 0, 3778380, NULL, '2025-07-08 13:51:10', '2025-07-08 13:52:26'),
(243, 4, 345, 3846500, 0, 3846500, NULL, '2025-07-08 13:52:53', '2025-07-08 13:54:35');

-- --------------------------------------------------------

--
-- Table structure for table `pembelian_detail`
--

CREATE TABLE `pembelian_detail` (
  `id_pembelian_detail` int(10) UNSIGNED NOT NULL,
  `id_pembelian` int(11) NOT NULL,
  `id_produk` int(11) NOT NULL,
  `harga_beli` int(11) NOT NULL,
  `jumlah` int(11) NOT NULL,
  `sisa` int(11) NOT NULL,
  `subtotal` int(11) NOT NULL,
  `created_at` timestamp NULL DEFAULT NULL,
  `updated_at` timestamp NULL DEFAULT NULL
) ENGINE=InnoDB DEFAULT CHARSET=utf8mb4 COLLATE=utf8mb4_unicode_ci;

--
-- Dumping data for table `pembelian_detail`
--

INSERT INTO `pembelian_detail` (`id_pembelian_detail`, `id_pembelian`, `id_produk`, `harga_beli`, `jumlah`, `sisa`, `subtotal`, `created_at`, `updated_at`) VALUES
(713, 231, 1, 13000, 1, 0, 13000, '2025-06-16 03:02:18', '2025-06-16 03:31:52'),
(714, 232, 1, 15000, 1, 0, 15000, '2025-06-16 03:34:10', '2025-06-16 03:34:19'),
(715, 232, 7, 13000, 1, 0, 13000, '2025-06-16 03:34:13', '2025-06-16 03:34:28'),
(716, 233, 1, 12000, 3, 1, 36000, '2025-06-16 03:35:33', '2025-06-16 03:42:55'),
(717, 234, 7, 12000, 4, 3, 48000, '2025-06-16 03:43:17', '2025-06-16 03:43:27'),
(718, 236, 41, 12000, 2, 0, 24000, '2025-06-23 06:14:45', '2025-06-23 06:15:00'),
(719, 236, 42, 5000, 3, 0, 15000, '2025-06-23 06:14:47', '2025-06-23 06:15:01'),
(720, 237, 41, 13000, 3, 0, 39000, '2025-06-23 06:15:15', '2025-06-23 06:15:32'),
(721, 237, 42, 7000, 2, 1, 14000, '2025-06-23 06:15:18', '2025-06-23 06:15:38'),
(722, 238, 41, 10000, 1, 0, 10000, '2025-06-23 13:11:46', '2025-06-23 13:11:46'),
(723, 239, 7, 4000, 2, 2, 8000, '2025-06-23 13:26:23', '2025-06-23 13:26:55'),
(724, 239, 6, 6000, 2, 0, 12000, '2025-06-23 13:26:29', '2025-06-23 13:27:03'),
(725, 239, 5, 3500, 2, 1, 7000, '2025-06-23 13:26:35', '2025-06-23 13:27:09'),
(726, 241, 42, 7000, 3, 3, 21000, '2025-06-30 04:05:00', '2025-06-30 04:05:14'),
(727, 242, 1, 12169, 30, 30, 365070, '2025-07-08 13:51:13', '2025-07-08 13:51:48'),
(728, 242, 7, 12689, 30, 30, 380670, '2025-07-08 13:51:16', '2025-07-08 13:51:53'),
(729, 242, 11, 6638, 30, 30, 199140, '2025-07-08 13:51:18', '2025-07-08 13:51:58'),
(730, 242, 29, 10320, 30, 30, 309600, '2025-07-08 13:51:21', '2025-07-08 13:52:01'),
(731, 242, 23, 8007, 30, 30, 240210, '2025-07-08 13:51:25', '2025-07-08 13:52:04'),
(732, 242, 6, 6243, 30, 30, 187290, '2025-07-08 13:51:30', '2025-07-08 13:52:07'),
(733, 242, 31, 16128, 30, 30, 483840, '2025-07-08 13:51:34', '2025-07-08 13:52:10'),
(734, 242, 5, 17592, 30, 30, 527760, '2025-07-08 13:51:36', '2025-07-08 13:52:14'),
(735, 242, 15, 19107, 30, 30, 573210, '2025-07-08 13:51:39', '2025-07-08 13:52:18'),
(736, 242, 37, 17053, 30, 30, 511590, '2025-07-08 13:51:41', '2025-07-08 13:52:23'),
(737, 243, 1, 12169, 20, 20, 243380, '2025-07-08 13:52:59', '2025-07-08 13:53:50'),
(738, 243, 2, 7522, 40, 40, 300880, '2025-07-08 13:53:02', '2025-07-08 13:53:54'),
(739, 243, 3, 6779, 40, 40, 271160, '2025-07-08 13:53:04', '2025-07-08 13:53:59'),
(740, 243, 4, 16911, 30, 30, 507330, '2025-07-08 13:53:06', '2025-07-08 13:54:02'),
(741, 243, 5, 17592, 50, 50, 879600, '2025-07-08 13:53:10', '2025-07-08 13:54:07'),
(742, 243, 6, 6243, 20, 20, 124860, '2025-07-08 13:53:16', '2025-07-08 13:54:10'),
(743, 243, 7, 12689, 30, 30, 380670, '2025-07-08 13:53:24', '2025-07-08 13:54:16'),
(744, 243, 8, 11812, 30, 30, 354360, '2025-07-08 13:53:34', '2025-07-08 13:54:20'),
(745, 243, 9, 8856, 50, 50, 442800, '2025-07-08 13:53:38', '2025-07-08 13:54:24'),
(746, 243, 10, 9756, 35, 35, 341460, '2025-07-08 13:53:41', '2025-07-08 13:54:32');

-- --------------------------------------------------------

--
-- Table structure for table `pengeluaran`
--

CREATE TABLE `pengeluaran` (
  `id_pengeluaran` int(10) UNSIGNED NOT NULL,
  `deskripsi` text NOT NULL,
  `nominal` int(11) NOT NULL,
  `created_at` timestamp NULL DEFAULT NULL,
  `updated_at` timestamp NULL DEFAULT NULL
) ENGINE=InnoDB DEFAULT CHARSET=utf8mb4 COLLATE=utf8mb4_unicode_ci;

-- --------------------------------------------------------

--
-- Table structure for table `penjualan`
--

CREATE TABLE `penjualan` (
  `id_penjualan` int(10) UNSIGNED NOT NULL,
  `id_member` int(11) DEFAULT NULL,
  `total_item` int(11) NOT NULL,
  `total_harga` int(11) NOT NULL,
  `diskon` tinyint(4) NOT NULL DEFAULT 0,
  `bayar` int(11) NOT NULL DEFAULT 0,
  `diterima` int(11) NOT NULL DEFAULT 0,
  `id_user` int(11) NOT NULL,
  `created_at` timestamp NULL DEFAULT NULL,
  `updated_at` timestamp NULL DEFAULT NULL
) ENGINE=InnoDB DEFAULT CHARSET=utf8mb4 COLLATE=utf8mb4_unicode_ci;

--
-- Dumping data for table `penjualan`
--

INSERT INTO `penjualan` (`id_penjualan`, `id_member`, `total_item`, `total_harga`, `diskon`, `bayar`, `diterima`, `id_user`, `created_at`, `updated_at`) VALUES
(379, NULL, 0, 0, 0, 0, 0, 1, '2025-07-08 13:58:06', '2025-07-08 14:03:41');

-- --------------------------------------------------------

--
-- Table structure for table `penjualan_detail`
--

CREATE TABLE `penjualan_detail` (
  `id_penjualan_detail` int(10) UNSIGNED NOT NULL,
  `id_penjualan` int(11) NOT NULL,
  `id_produk` int(11) NOT NULL,
  `harga_jual` int(11) NOT NULL,
  `jumlah` int(11) NOT NULL,
  `diskon` tinyint(4) NOT NULL DEFAULT 0,
  `subtotal` int(11) NOT NULL,
  `created_at` timestamp NULL DEFAULT NULL,
  `updated_at` timestamp NULL DEFAULT NULL
) ENGINE=InnoDB DEFAULT CHARSET=utf8mb4 COLLATE=utf8mb4_unicode_ci;

--
-- Dumping data for table `penjualan_detail`
--

INSERT INTO `penjualan_detail` (`id_penjualan_detail`, `id_penjualan`, `id_produk`, `harga_jual`, `jumlah`, `diskon`, `subtotal`, `created_at`, `updated_at`) VALUES
(1, 1, 16, 17597, 3, 0, 52791, NULL, NULL),
(2, 1, 39, 21299, 4, 0, 85196, NULL, NULL),
(3, 1, 12, 20674, 5, 0, 103370, NULL, NULL),
(4, 1, 37, 20933, 4, 0, 83732, NULL, NULL),
(5, 1, 13, 24902, 3, 0, 74706, NULL, NULL),
(6, 2, 16, 18236, 1, 0, 18236, NULL, NULL),
(7, 2, 19, 21973, 2, 0, 43946, NULL, NULL),
(8, 3, 3, 13672, 2, 0, 27344, NULL, NULL),
(9, 3, 17, 25982, 5, 0, 129910, NULL, NULL),
(10, 3, 36, 28558, 4, 0, 114232, NULL, NULL),
(11, 4, 15, 24614, 2, 0, 49228, NULL, NULL),
(12, 5, 31, 21930, 4, 0, 87720, NULL, NULL),
(13, 6, 37, 11247, 5, 0, 56235, NULL, NULL),
(14, 6, 19, 10439, 1, 0, 10439, NULL, NULL),
(15, 6, 16, 18835, 4, 0, 75340, NULL, NULL),
(16, 7, 37, 14054, 1, 0, 14054, NULL, NULL),
(17, 7, 27, 12586, 3, 0, 37758, NULL, NULL),
(18, 7, 2, 11741, 4, 0, 46964, NULL, NULL),
(19, 8, 39, 14931, 2, 0, 29862, NULL, NULL),
(20, 8, 1, 25566, 2, 0, 51132, NULL, NULL),
(21, 8, 19, 18271, 4, 0, 73084, NULL, NULL),
(22, 9, 20, 18663, 4, 0, 74652, NULL, NULL),
(23, 10, 10, 11562, 3, 0, 34686, NULL, NULL),
(24, 10, 12, 18651, 3, 0, 55953, NULL, NULL),
(25, 10, 24, 10315, 3, 0, 30945, NULL, NULL),
(26, 10, 23, 25885, 1, 0, 25885, NULL, NULL),
(27, 10, 20, 21945, 3, 0, 65835, NULL, NULL),
(28, 11, 12, 15709, 2, 0, 31418, NULL, NULL),
(29, 11, 16, 27990, 2, 0, 55980, NULL, NULL),
(30, 11, 19, 14673, 4, 0, 58692, NULL, NULL),
(31, 11, 35, 27578, 5, 0, 137890, NULL, NULL),
(32, 12, 37, 18652, 4, 0, 74608, NULL, NULL),
(33, 12, 30, 23501, 5, 0, 117505, NULL, NULL),
(34, 12, 14, 24252, 4, 0, 97008, NULL, NULL),
(35, 13, 34, 28797, 2, 0, 57594, NULL, NULL),
(36, 13, 38, 16991, 2, 0, 33982, NULL, NULL),
(37, 14, 8, 14757, 2, 0, 29514, NULL, NULL),
(38, 15, 18, 26563, 1, 0, 26563, NULL, NULL),
(39, 15, 14, 25211, 4, 0, 100844, NULL, NULL),
(40, 15, 22, 17159, 5, 0, 85795, NULL, NULL),
(41, 15, 11, 18719, 4, 0, 74876, NULL, NULL),
(42, 16, 18, 11342, 5, 0, 56710, NULL, NULL),
(43, 16, 8, 20938, 4, 0, 83752, NULL, NULL),
(44, 16, 6, 19277, 1, 0, 19277, NULL, NULL),
(45, 17, 16, 28980, 5, 0, 144900, NULL, NULL),
(46, 17, 1, 14556, 1, 0, 14556, NULL, NULL),
(47, 17, 32, 11697, 1, 0, 11697, NULL, NULL),
(48, 18, 21, 24606, 2, 0, 49212, NULL, NULL),
(49, 19, 18, 24255, 1, 0, 24255, NULL, NULL),
(50, 19, 30, 28505, 2, 0, 57010, NULL, NULL),
(51, 19, 12, 14592, 2, 0, 29184, NULL, NULL),
(52, 19, 24, 26056, 5, 0, 130280, NULL, NULL),
(53, 20, 23, 13942, 5, 0, 69710, NULL, NULL),
(54, 21, 1, 22078, 1, 0, 22078, NULL, NULL),
(55, 21, 38, 10628, 4, 0, 42512, NULL, NULL),
(56, 21, 9, 26951, 2, 0, 53902, NULL, NULL),
(57, 22, 38, 12865, 2, 0, 25730, NULL, NULL),
(58, 22, 39, 16571, 5, 0, 82855, NULL, NULL),
(59, 22, 36, 24355, 3, 0, 73065, NULL, NULL),
(60, 22, 25, 19080, 4, 0, 76320, NULL, NULL),
(61, 23, 29, 11804, 1, 0, 11804, NULL, NULL),
(62, 23, 39, 11252, 1, 0, 11252, NULL, NULL),
(63, 23, 1, 22160, 2, 0, 44320, NULL, NULL),
(64, 23, 19, 26951, 5, 0, 134755, NULL, NULL),
(65, 24, 6, 22404, 5, 0, 112020, NULL, NULL),
(66, 25, 18, 29771, 5, 0, 148855, NULL, NULL),
(67, 25, 37, 11984, 2, 0, 23968, NULL, NULL),
(68, 25, 5, 10237, 5, 0, 51185, NULL, NULL),
(69, 25, 7, 14933, 3, 0, 44799, NULL, NULL),
(70, 25, 6, 18006, 4, 0, 72024, NULL, NULL),
(71, 26, 19, 21938, 1, 0, 21938, NULL, NULL),
(72, 26, 33, 19474, 3, 0, 58422, NULL, NULL),
(73, 27, 1, 13899, 5, 0, 69495, NULL, NULL),
(74, 27, 12, 26284, 2, 0, 52568, NULL, NULL),
(75, 27, 26, 14624, 5, 0, 73120, NULL, NULL),
(76, 27, 35, 25791, 5, 0, 128955, NULL, NULL),
(77, 28, 11, 11768, 4, 0, 47072, NULL, NULL),
(78, 28, 24, 27840, 2, 0, 55680, NULL, NULL),
(79, 28, 23, 29260, 3, 0, 87780, NULL, NULL),
(80, 29, 40, 24571, 2, 0, 49142, NULL, NULL),
(81, 29, 38, 14844, 4, 0, 59376, NULL, NULL),
(82, 29, 1, 13703, 4, 0, 54812, NULL, NULL),
(83, 30, 12, 21112, 1, 0, 21112, NULL, NULL),
(84, 30, 2, 27443, 2, 0, 54886, NULL, NULL),
(85, 31, 5, 19673, 5, 0, 98365, NULL, NULL),
(86, 31, 34, 10257, 4, 0, 41028, NULL, NULL),
(87, 31, 20, 12493, 1, 0, 12493, NULL, NULL),
(88, 31, 30, 26325, 5, 0, 131625, NULL, NULL),
(89, 32, 39, 15215, 1, 0, 15215, NULL, NULL),
(90, 33, 26, 17646, 1, 0, 17646, NULL, NULL),
(91, 33, 11, 29586, 2, 0, 59172, NULL, NULL),
(92, 33, 3, 24915, 2, 0, 49830, NULL, NULL),
(93, 34, 14, 27118, 2, 0, 54236, NULL, NULL),
(94, 34, 3, 19007, 2, 0, 38014, NULL, NULL),
(95, 34, 29, 10252, 2, 0, 20504, NULL, NULL),
(96, 34, 16, 27724, 3, 0, 83172, NULL, NULL),
(97, 34, 15, 14798, 1, 0, 14798, NULL, NULL),
(98, 35, 32, 10694, 1, 0, 10694, NULL, NULL),
(99, 36, 10, 10861, 4, 0, 43444, NULL, NULL),
(100, 36, 26, 24902, 1, 0, 24902, NULL, NULL),
(101, 36, 17, 22625, 1, 0, 22625, NULL, NULL),
(102, 36, 24, 10111, 4, 0, 40444, NULL, NULL),
(103, 36, 4, 17528, 3, 0, 52584, NULL, NULL),
(104, 37, 35, 16801, 1, 0, 16801, NULL, NULL),
(105, 37, 12, 24507, 4, 0, 98028, NULL, NULL),
(106, 38, 33, 12563, 4, 0, 50252, NULL, NULL),
(107, 38, 8, 17818, 2, 0, 35636, NULL, NULL),
(108, 39, 38, 12881, 2, 0, 25762, NULL, NULL),
(109, 39, 30, 15805, 2, 0, 31610, NULL, NULL),
(110, 40, 32, 10233, 1, 0, 10233, NULL, NULL),
(111, 40, 18, 19889, 3, 0, 59667, NULL, NULL),
(112, 41, 18, 19132, 1, 0, 19132, NULL, NULL),
(113, 41, 30, 17001, 1, 0, 17001, NULL, NULL),
(114, 41, 39, 18809, 1, 0, 18809, NULL, NULL),
(115, 41, 20, 25356, 2, 0, 50712, NULL, NULL),
(116, 42, 36, 19133, 1, 0, 19133, NULL, NULL),
(117, 42, 37, 13858, 5, 0, 69290, NULL, NULL),
(118, 43, 20, 22642, 1, 0, 22642, NULL, NULL),
(119, 43, 3, 10766, 3, 0, 32298, NULL, NULL),
(120, 43, 13, 22840, 4, 0, 91360, NULL, NULL),
(121, 43, 34, 18019, 2, 0, 36038, NULL, NULL),
(122, 44, 32, 25673, 2, 0, 51346, NULL, NULL),
(123, 44, 14, 29654, 5, 0, 148270, NULL, NULL),
(124, 44, 27, 23642, 1, 0, 23642, NULL, NULL),
(125, 44, 10, 23580, 3, 0, 70740, NULL, NULL),
(126, 44, 29, 24115, 1, 0, 24115, NULL, NULL),
(127, 45, 37, 15932, 5, 0, 79660, NULL, NULL),
(128, 45, 29, 13009, 1, 0, 13009, NULL, NULL),
(129, 45, 35, 12624, 4, 0, 50496, NULL, NULL),
(130, 45, 30, 24280, 3, 0, 72840, NULL, NULL),
(131, 46, 17, 19432, 5, 0, 97160, NULL, NULL),
(132, 46, 16, 14306, 3, 0, 42918, NULL, NULL),
(133, 46, 10, 13342, 5, 0, 66710, NULL, NULL),
(134, 47, 5, 15569, 2, 0, 31138, NULL, NULL),
(135, 47, 37, 27813, 2, 0, 55626, NULL, NULL),
(136, 47, 31, 29519, 3, 0, 88557, NULL, NULL),
(137, 47, 6, 15882, 1, 0, 15882, NULL, NULL),
(138, 48, 7, 24510, 4, 0, 98040, NULL, NULL),
(139, 48, 20, 15790, 4, 0, 63160, NULL, NULL),
(140, 48, 26, 22302, 1, 0, 22302, NULL, NULL),
(141, 49, 33, 20486, 2, 0, 40972, NULL, NULL),
(142, 50, 38, 29442, 3, 0, 88326, NULL, NULL),
(143, 50, 8, 27410, 1, 0, 27410, NULL, NULL),
(144, 50, 13, 23333, 4, 0, 93332, NULL, NULL),
(145, 50, 40, 29442, 5, 0, 147210, NULL, NULL),
(146, 50, 28, 11590, 4, 0, 46360, NULL, NULL),
(147, 51, 14, 17507, 3, 0, 52521, NULL, NULL),
(148, 51, 17, 23720, 2, 0, 47440, NULL, NULL),
(149, 51, 34, 12243, 5, 0, 61215, NULL, NULL),
(150, 52, 22, 20071, 1, 0, 20071, NULL, NULL),
(151, 53, 17, 29725, 5, 0, 148625, NULL, NULL),
(152, 53, 2, 12740, 3, 0, 38220, NULL, NULL),
(153, 53, 23, 19108, 2, 0, 38216, NULL, NULL),
(154, 53, 30, 13320, 1, 0, 13320, NULL, NULL),
(155, 54, 17, 22063, 4, 0, 88252, NULL, NULL),
(156, 54, 28, 24520, 2, 0, 49040, NULL, NULL),
(157, 54, 22, 10493, 4, 0, 41972, NULL, NULL),
(158, 54, 31, 23144, 5, 0, 115720, NULL, NULL),
(159, 55, 33, 19803, 5, 0, 99015, NULL, NULL),
(160, 55, 31, 20953, 4, 0, 83812, NULL, NULL),
(161, 56, 13, 24005, 1, 0, 24005, NULL, NULL),
(162, 56, 33, 26021, 1, 0, 26021, NULL, NULL),
(163, 56, 17, 12062, 2, 0, 24124, NULL, NULL),
(164, 56, 15, 21923, 1, 0, 21923, NULL, NULL),
(165, 57, 35, 20716, 5, 0, 103580, NULL, NULL),
(166, 58, 13, 18813, 1, 0, 18813, NULL, NULL),
(167, 58, 5, 27291, 2, 0, 54582, NULL, NULL),
(168, 58, 31, 26262, 2, 0, 52524, NULL, NULL),
(169, 59, 27, 23139, 5, 0, 115695, NULL, NULL),
(170, 59, 1, 27570, 1, 0, 27570, NULL, NULL),
(171, 59, 26, 13995, 4, 0, 55980, NULL, NULL),
(172, 60, 11, 10263, 5, 0, 51315, NULL, NULL),
(173, 60, 32, 22928, 4, 0, 91712, NULL, NULL),
(174, 61, 7, 19538, 2, 0, 39076, NULL, NULL),
(175, 62, 30, 17325, 1, 0, 17325, NULL, NULL),
(176, 62, 28, 16306, 3, 0, 48918, NULL, NULL),
(177, 62, 19, 12316, 1, 0, 12316, NULL, NULL),
(178, 62, 11, 14132, 5, 0, 70660, NULL, NULL),
(179, 63, 27, 12559, 4, 0, 50236, NULL, NULL),
(180, 63, 36, 20415, 4, 0, 81660, NULL, NULL),
(181, 63, 19, 26280, 4, 0, 105120, NULL, NULL),
(182, 64, 13, 24069, 3, 0, 72207, NULL, NULL),
(183, 64, 37, 14854, 3, 0, 44562, NULL, NULL),
(184, 64, 20, 20199, 3, 0, 60597, NULL, NULL),
(185, 64, 4, 24962, 1, 0, 24962, NULL, NULL),
(186, 64, 32, 24491, 3, 0, 73473, NULL, NULL),
(187, 65, 37, 21817, 3, 0, 65451, NULL, NULL),
(188, 66, 38, 25134, 1, 0, 25134, NULL, NULL),
(189, 66, 37, 11094, 1, 0, 11094, NULL, NULL),
(190, 66, 27, 14012, 2, 0, 28024, NULL, NULL),
(191, 66, 35, 16636, 4, 0, 66544, NULL, NULL),
(192, 66, 16, 13379, 5, 0, 66895, NULL, NULL),
(193, 67, 21, 10707, 4, 0, 42828, NULL, NULL),
(194, 67, 16, 25474, 2, 0, 50948, NULL, NULL),
(195, 67, 2, 15146, 3, 0, 45438, NULL, NULL),
(196, 67, 23, 12664, 5, 0, 63320, NULL, NULL),
(197, 67, 11, 13529, 5, 0, 67645, NULL, NULL),
(198, 68, 19, 23913, 5, 0, 119565, NULL, NULL),
(199, 68, 10, 29206, 1, 0, 29206, NULL, NULL),
(200, 68, 6, 16139, 5, 0, 80695, NULL, NULL),
(201, 69, 5, 20242, 1, 0, 20242, NULL, NULL),
(202, 69, 27, 26548, 1, 0, 26548, NULL, NULL),
(203, 69, 37, 28614, 3, 0, 85842, NULL, NULL),
(204, 70, 13, 14050, 5, 0, 70250, NULL, NULL),
(205, 71, 40, 13302, 1, 0, 13302, NULL, NULL),
(206, 72, 6, 19741, 4, 0, 78964, NULL, NULL),
(207, 73, 27, 23316, 4, 0, 93264, NULL, NULL),
(208, 74, 39, 26698, 1, 0, 26698, NULL, NULL),
(209, 75, 28, 12421, 3, 0, 37263, NULL, NULL),
(210, 75, 35, 28964, 3, 0, 86892, NULL, NULL),
(211, 75, 7, 21704, 5, 0, 108520, NULL, NULL),
(212, 75, 12, 18623, 1, 0, 18623, NULL, NULL),
(213, 75, 30, 28665, 3, 0, 85995, NULL, NULL),
(214, 76, 13, 18804, 1, 0, 18804, NULL, NULL),
(215, 76, 2, 20859, 2, 0, 41718, NULL, NULL),
(216, 76, 17, 15666, 2, 0, 31332, NULL, NULL),
(217, 77, 31, 28920, 1, 0, 28920, NULL, NULL),
(218, 77, 39, 20488, 1, 0, 20488, NULL, NULL),
(219, 78, 31, 10132, 2, 0, 20264, NULL, NULL),
(220, 79, 16, 21688, 5, 0, 108440, NULL, NULL),
(221, 79, 12, 26545, 4, 0, 106180, NULL, NULL),
(222, 80, 24, 12625, 5, 0, 63125, NULL, NULL),
(223, 80, 30, 12864, 1, 0, 12864, NULL, NULL),
(224, 81, 18, 28265, 2, 0, 56530, NULL, NULL),
(225, 81, 31, 10997, 1, 0, 10997, NULL, NULL),
(226, 81, 38, 21120, 5, 0, 105600, NULL, NULL),
(227, 81, 21, 28807, 1, 0, 28807, NULL, NULL),
(228, 81, 4, 24965, 2, 0, 49930, NULL, NULL),
(229, 82, 28, 17413, 3, 0, 52239, NULL, NULL),
(230, 82, 6, 18993, 3, 0, 56979, NULL, NULL),
(231, 83, 34, 10901, 3, 0, 32703, NULL, NULL),
(232, 83, 7, 21701, 5, 0, 108505, NULL, NULL),
(233, 83, 9, 29277, 3, 0, 87831, NULL, NULL),
(234, 84, 35, 21683, 1, 0, 21683, NULL, NULL),
(235, 84, 19, 24788, 5, 0, 123940, NULL, NULL),
(236, 84, 24, 26686, 5, 0, 133430, NULL, NULL),
(237, 84, 7, 12965, 4, 0, 51860, NULL, NULL),
(238, 84, 17, 10187, 5, 0, 50935, NULL, NULL),
(239, 85, 27, 26380, 4, 0, 105520, NULL, NULL),
(240, 85, 14, 18095, 1, 0, 18095, NULL, NULL),
(241, 85, 35, 19768, 4, 0, 79072, NULL, NULL),
(242, 85, 6, 12642, 1, 0, 12642, NULL, NULL),
(243, 86, 21, 21172, 1, 0, 21172, NULL, NULL),
(244, 86, 13, 13904, 2, 0, 27808, NULL, NULL),
(245, 87, 26, 14441, 3, 0, 43323, NULL, NULL),
(246, 87, 40, 13759, 1, 0, 13759, NULL, NULL),
(247, 87, 10, 29937, 5, 0, 149685, NULL, NULL),
(248, 87, 13, 21321, 2, 0, 42642, NULL, NULL),
(249, 88, 34, 16383, 1, 0, 16383, NULL, NULL),
(250, 88, 39, 28738, 3, 0, 86214, NULL, NULL),
(251, 88, 22, 15889, 4, 0, 63556, NULL, NULL),
(252, 88, 26, 28371, 1, 0, 28371, NULL, NULL),
(253, 88, 4, 25676, 5, 0, 128380, NULL, NULL),
(254, 89, 25, 20327, 1, 0, 20327, NULL, NULL),
(255, 89, 36, 18182, 2, 0, 36364, NULL, NULL),
(256, 89, 6, 14889, 1, 0, 14889, NULL, NULL),
(257, 90, 38, 10381, 3, 0, 31143, NULL, NULL),
(258, 91, 17, 20479, 1, 0, 20479, NULL, NULL),
(259, 91, 21, 12580, 3, 0, 37740, NULL, NULL),
(260, 91, 29, 12375, 2, 0, 24750, NULL, NULL),
(261, 92, 17, 18486, 3, 0, 55458, NULL, NULL),
(262, 92, 39, 10195, 2, 0, 20390, NULL, NULL),
(263, 92, 18, 14105, 4, 0, 56420, NULL, NULL),
(264, 93, 23, 18513, 5, 0, 92565, NULL, NULL),
(265, 93, 11, 12086, 1, 0, 12086, NULL, NULL),
(266, 93, 40, 26547, 5, 0, 132735, NULL, NULL),
(267, 94, 31, 29152, 3, 0, 87456, NULL, NULL),
(268, 95, 29, 21025, 4, 0, 84100, NULL, NULL),
(269, 95, 21, 21313, 2, 0, 42626, NULL, NULL),
(270, 95, 24, 14585, 5, 0, 72925, NULL, NULL),
(271, 95, 15, 27504, 1, 0, 27504, NULL, NULL),
(272, 96, 29, 16707, 4, 0, 66828, NULL, NULL),
(273, 96, 14, 16218, 5, 0, 81090, NULL, NULL),
(274, 96, 19, 14307, 2, 0, 28614, NULL, NULL),
(275, 97, 32, 18802, 2, 0, 37604, NULL, NULL),
(276, 97, 39, 11699, 3, 0, 35097, NULL, NULL),
(277, 97, 7, 15898, 3, 0, 47694, NULL, NULL),
(278, 98, 26, 17799, 3, 0, 53397, NULL, NULL),
(279, 98, 12, 23852, 2, 0, 47704, NULL, NULL),
(280, 98, 31, 10985, 1, 0, 10985, NULL, NULL),
(281, 99, 15, 11886, 2, 0, 23772, NULL, NULL),
(282, 99, 29, 27341, 3, 0, 82023, NULL, NULL),
(283, 99, 4, 19019, 4, 0, 76076, NULL, NULL),
(284, 99, 30, 29067, 4, 0, 116268, NULL, NULL),
(285, 99, 36, 18712, 4, 0, 74848, NULL, NULL),
(286, 100, 5, 26175, 2, 0, 52350, NULL, NULL),
(287, 101, 3, 10431, 1, 0, 10431, NULL, NULL),
(288, 101, 28, 26409, 2, 0, 52818, NULL, NULL),
(289, 101, 4, 26169, 5, 0, 130845, NULL, NULL),
(290, 101, 26, 24377, 2, 0, 48754, NULL, NULL),
(291, 102, 38, 14891, 3, 0, 44673, NULL, NULL),
(292, 103, 12, 26265, 2, 0, 52530, NULL, NULL),
(293, 103, 38, 28990, 2, 0, 57980, NULL, NULL),
(294, 103, 40, 12015, 2, 0, 24030, NULL, NULL),
(295, 103, 27, 21131, 4, 0, 84524, NULL, NULL),
(296, 104, 8, 10510, 5, 0, 52550, NULL, NULL),
(297, 104, 40, 10280, 5, 0, 51400, NULL, NULL),
(298, 104, 26, 29740, 5, 0, 148700, NULL, NULL),
(299, 105, 18, 22766, 5, 0, 113830, NULL, NULL),
(300, 106, 20, 25318, 5, 0, 126590, NULL, NULL),
(301, 106, 15, 24625, 3, 0, 73875, NULL, NULL),
(302, 106, 26, 18270, 5, 0, 91350, NULL, NULL),
(303, 106, 17, 16042, 2, 0, 32084, NULL, NULL),
(304, 106, 38, 22378, 2, 0, 44756, NULL, NULL),
(305, 107, 23, 18017, 4, 0, 72068, NULL, NULL),
(306, 107, 22, 19552, 3, 0, 58656, NULL, NULL),
(307, 107, 2, 21156, 1, 0, 21156, NULL, NULL),
(308, 107, 39, 10100, 1, 0, 10100, NULL, NULL),
(309, 108, 10, 21142, 4, 0, 84568, NULL, NULL),
(310, 108, 12, 27076, 2, 0, 54152, NULL, NULL),
(311, 108, 17, 23077, 1, 0, 23077, NULL, NULL),
(312, 109, 4, 28859, 4, 0, 115436, NULL, NULL),
(313, 110, 28, 19396, 3, 0, 58188, NULL, NULL),
(314, 110, 20, 24344, 2, 0, 48688, NULL, NULL),
(315, 110, 3, 28239, 3, 0, 84717, NULL, NULL),
(316, 111, 16, 14540, 5, 0, 72700, NULL, NULL),
(317, 111, 14, 19634, 3, 0, 58902, NULL, NULL),
(318, 112, 3, 11282, 5, 0, 56410, NULL, NULL),
(319, 112, 12, 22221, 4, 0, 88884, NULL, NULL),
(320, 112, 33, 12782, 4, 0, 51128, NULL, NULL),
(321, 113, 8, 19457, 3, 0, 58371, NULL, NULL),
(322, 113, 6, 26865, 2, 0, 53730, NULL, NULL),
(323, 114, 32, 13149, 5, 0, 65745, NULL, NULL),
(324, 114, 37, 26607, 4, 0, 106428, NULL, NULL),
(325, 114, 36, 28464, 2, 0, 56928, NULL, NULL),
(326, 114, 39, 17226, 3, 0, 51678, NULL, NULL),
(327, 114, 35, 18206, 1, 0, 18206, NULL, NULL),
(328, 115, 3, 26818, 1, 0, 26818, NULL, NULL),
(329, 116, 2, 27670, 4, 0, 110680, NULL, NULL),
(330, 117, 36, 25382, 2, 0, 50764, NULL, NULL),
(331, 117, 21, 19959, 2, 0, 39918, NULL, NULL),
(332, 118, 19, 21175, 3, 0, 63525, NULL, NULL),
(333, 118, 29, 13778, 3, 0, 41334, NULL, NULL),
(334, 118, 39, 16718, 2, 0, 33436, NULL, NULL),
(335, 119, 6, 21096, 5, 0, 105480, NULL, NULL),
(336, 119, 37, 15397, 1, 0, 15397, NULL, NULL),
(337, 119, 11, 18309, 2, 0, 36618, NULL, NULL),
(338, 120, 30, 18506, 3, 0, 55518, NULL, NULL),
(339, 120, 17, 22181, 2, 0, 44362, NULL, NULL),
(340, 120, 21, 28389, 3, 0, 85167, NULL, NULL),
(341, 120, 14, 27254, 4, 0, 109016, NULL, NULL),
(342, 121, 12, 19101, 4, 0, 76404, NULL, NULL),
(343, 121, 34, 24822, 4, 0, 99288, NULL, NULL),
(344, 121, 11, 20178, 2, 0, 40356, NULL, NULL),
(345, 121, 33, 23209, 1, 0, 23209, NULL, NULL),
(346, 121, 37, 27015, 5, 0, 135075, NULL, NULL),
(347, 122, 13, 28014, 3, 0, 84042, NULL, NULL),
(348, 122, 33, 28974, 2, 0, 57948, NULL, NULL),
(349, 122, 7, 28985, 1, 0, 28985, NULL, NULL),
(350, 123, 26, 24471, 1, 0, 24471, NULL, NULL),
(351, 124, 27, 27925, 1, 0, 27925, NULL, NULL),
(352, 124, 37, 14822, 2, 0, 29644, NULL, NULL),
(353, 125, 13, 21432, 3, 0, 64296, NULL, NULL),
(354, 125, 2, 24411, 5, 0, 122055, NULL, NULL),
(355, 126, 20, 28545, 1, 0, 28545, NULL, NULL),
(356, 126, 23, 28329, 5, 0, 141645, NULL, NULL),
(357, 126, 25, 10990, 2, 0, 21980, NULL, NULL),
(358, 127, 3, 27825, 2, 0, 55650, NULL, NULL),
(359, 127, 1, 21839, 3, 0, 65517, NULL, NULL),
(360, 127, 34, 12561, 3, 0, 37683, NULL, NULL),
(361, 128, 40, 12093, 1, 0, 12093, NULL, NULL),
(362, 128, 27, 22666, 1, 0, 22666, NULL, NULL),
(363, 128, 12, 11232, 1, 0, 11232, NULL, NULL),
(364, 128, 32, 11093, 2, 0, 22186, NULL, NULL),
(365, 128, 28, 21223, 1, 0, 21223, NULL, NULL),
(366, 129, 39, 25409, 4, 0, 101636, NULL, NULL),
(367, 129, 2, 19502, 4, 0, 78008, NULL, NULL),
(368, 130, 27, 11487, 2, 0, 22974, NULL, NULL),
(369, 130, 20, 26447, 3, 0, 79341, NULL, NULL),
(370, 130, 3, 26112, 4, 0, 104448, NULL, NULL),
(371, 130, 33, 15529, 5, 0, 77645, NULL, NULL),
(372, 131, 2, 29135, 2, 0, 58270, NULL, NULL),
(373, 131, 33, 22809, 2, 0, 45618, NULL, NULL),
(374, 131, 36, 19111, 4, 0, 76444, NULL, NULL),
(375, 132, 40, 14096, 3, 0, 42288, NULL, NULL),
(376, 132, 28, 11569, 3, 0, 34707, NULL, NULL),
(377, 132, 30, 25595, 3, 0, 76785, NULL, NULL),
(378, 132, 21, 28948, 1, 0, 28948, NULL, NULL),
(379, 133, 33, 11866, 3, 0, 35598, NULL, NULL),
(380, 133, 36, 20070, 4, 0, 80280, NULL, NULL),
(381, 133, 18, 20866, 3, 0, 62598, NULL, NULL),
(382, 134, 4, 23620, 1, 0, 23620, NULL, NULL),
(383, 135, 30, 13794, 3, 0, 41382, NULL, NULL),
(384, 135, 14, 23354, 5, 0, 116770, NULL, NULL),
(385, 135, 10, 23438, 1, 0, 23438, NULL, NULL),
(386, 135, 3, 23253, 4, 0, 93012, NULL, NULL),
(387, 136, 1, 17622, 4, 0, 70488, NULL, NULL),
(388, 136, 15, 18831, 1, 0, 18831, NULL, NULL),
(389, 136, 9, 11686, 2, 0, 23372, NULL, NULL),
(390, 136, 39, 19111, 2, 0, 38222, NULL, NULL),
(391, 136, 2, 18679, 3, 0, 56037, NULL, NULL),
(392, 137, 37, 14371, 1, 0, 14371, NULL, NULL),
(393, 137, 39, 19051, 2, 0, 38102, NULL, NULL),
(394, 138, 11, 10790, 3, 0, 32370, NULL, NULL),
(395, 138, 6, 26354, 1, 0, 26354, NULL, NULL),
(396, 138, 21, 17118, 1, 0, 17118, NULL, NULL),
(397, 138, 35, 22329, 4, 0, 89316, NULL, NULL),
(398, 139, 35, 29339, 4, 0, 117356, NULL, NULL),
(399, 139, 28, 26994, 3, 0, 80982, NULL, NULL),
(400, 139, 33, 21033, 1, 0, 21033, NULL, NULL),
(401, 139, 18, 10783, 5, 0, 53915, NULL, NULL),
(402, 140, 9, 10565, 4, 0, 42260, NULL, NULL),
(403, 141, 12, 23844, 1, 0, 23844, NULL, NULL),
(404, 141, 25, 18083, 2, 0, 36166, NULL, NULL),
(405, 142, 39, 12954, 3, 0, 38862, NULL, NULL),
(406, 143, 32, 22437, 5, 0, 112185, NULL, NULL),
(407, 143, 20, 19555, 5, 0, 97775, NULL, NULL),
(408, 144, 34, 12067, 1, 0, 12067, NULL, NULL),
(409, 145, 21, 25194, 5, 0, 125970, NULL, NULL),
(410, 145, 3, 27498, 4, 0, 109992, NULL, NULL),
(411, 145, 14, 17175, 2, 0, 34350, NULL, NULL),
(412, 146, 38, 10602, 4, 0, 42408, NULL, NULL),
(413, 146, 7, 14051, 4, 0, 56204, NULL, NULL),
(414, 147, 12, 19860, 2, 0, 39720, NULL, NULL),
(415, 147, 16, 11032, 3, 0, 33096, NULL, NULL),
(416, 147, 4, 10071, 4, 0, 40284, NULL, NULL),
(417, 148, 23, 14155, 1, 0, 14155, NULL, NULL),
(418, 148, 39, 20913, 2, 0, 41826, NULL, NULL),
(419, 148, 10, 16641, 5, 0, 83205, NULL, NULL),
(420, 149, 13, 29597, 2, 0, 59194, NULL, NULL),
(421, 149, 35, 16050, 4, 0, 64200, NULL, NULL),
(422, 149, 6, 21347, 2, 0, 42694, NULL, NULL),
(423, 150, 3, 10420, 1, 0, 10420, NULL, NULL),
(424, 151, 10, 10253, 5, 0, 51265, NULL, NULL),
(425, 151, 33, 24048, 5, 0, 120240, NULL, NULL),
(426, 151, 4, 22204, 3, 0, 66612, NULL, NULL),
(427, 151, 13, 29315, 3, 0, 87945, NULL, NULL),
(428, 152, 22, 29707, 1, 0, 29707, NULL, NULL),
(429, 152, 1, 16125, 4, 0, 64500, NULL, NULL),
(430, 152, 17, 27480, 3, 0, 82440, NULL, NULL),
(431, 152, 40, 16479, 4, 0, 65916, NULL, NULL),
(432, 153, 29, 18998, 1, 0, 18998, NULL, NULL),
(433, 153, 7, 11420, 4, 0, 45680, NULL, NULL),
(434, 153, 6, 23708, 5, 0, 118540, NULL, NULL),
(435, 153, 39, 28326, 3, 0, 84978, NULL, NULL),
(436, 154, 15, 11644, 1, 0, 11644, NULL, NULL),
(437, 155, 9, 18319, 3, 0, 54957, NULL, NULL),
(438, 156, 4, 15641, 5, 0, 78205, NULL, NULL),
(439, 156, 1, 12795, 1, 0, 12795, NULL, NULL),
(440, 156, 23, 15798, 3, 0, 47394, NULL, NULL),
(441, 156, 6, 26934, 2, 0, 53868, NULL, NULL),
(442, 156, 14, 24268, 1, 0, 24268, NULL, NULL),
(443, 157, 20, 16840, 2, 0, 33680, NULL, NULL),
(444, 158, 29, 10645, 1, 0, 10645, NULL, NULL),
(445, 158, 15, 20235, 1, 0, 20235, NULL, NULL),
(446, 159, 23, 13236, 5, 0, 66180, NULL, NULL),
(447, 159, 4, 28948, 3, 0, 86844, NULL, NULL),
(448, 159, 8, 18572, 1, 0, 18572, NULL, NULL),
(449, 160, 40, 23624, 4, 0, 94496, NULL, NULL),
(450, 160, 14, 26174, 1, 0, 26174, NULL, NULL),
(451, 160, 30, 20311, 4, 0, 81244, NULL, NULL),
(452, 160, 20, 21806, 2, 0, 43612, NULL, NULL),
(453, 160, 7, 11952, 1, 0, 11952, NULL, NULL),
(454, 161, 35, 11536, 1, 0, 11536, NULL, NULL),
(455, 162, 27, 23996, 1, 0, 23996, NULL, NULL),
(456, 162, 15, 27191, 5, 0, 135955, NULL, NULL),
(457, 163, 40, 11767, 3, 0, 35301, NULL, NULL),
(458, 163, 18, 19613, 4, 0, 78452, NULL, NULL),
(459, 163, 7, 13285, 1, 0, 13285, NULL, NULL),
(460, 163, 26, 15168, 1, 0, 15168, NULL, NULL),
(461, 164, 8, 12843, 4, 0, 51372, NULL, NULL),
(462, 164, 25, 23645, 3, 0, 70935, NULL, NULL),
(463, 164, 17, 21175, 2, 0, 42350, NULL, NULL),
(464, 164, 19, 10359, 1, 0, 10359, NULL, NULL),
(465, 164, 9, 15430, 4, 0, 61720, NULL, NULL),
(466, 165, 28, 20954, 2, 0, 41908, NULL, NULL),
(467, 165, 23, 26134, 2, 0, 52268, NULL, NULL),
(468, 165, 13, 24147, 5, 0, 120735, NULL, NULL),
(469, 166, 37, 11205, 3, 0, 33615, NULL, NULL),
(470, 167, 33, 29624, 4, 0, 118496, NULL, NULL),
(471, 167, 29, 16410, 5, 0, 82050, NULL, NULL),
(472, 167, 17, 26054, 1, 0, 26054, NULL, NULL),
(473, 167, 39, 29998, 2, 0, 59996, NULL, NULL),
(474, 167, 34, 17366, 3, 0, 52098, NULL, NULL),
(475, 168, 17, 25707, 2, 0, 51414, NULL, NULL),
(476, 168, 37, 28387, 3, 0, 85161, NULL, NULL),
(477, 168, 11, 28068, 1, 0, 28068, NULL, NULL),
(478, 168, 3, 14965, 5, 0, 74825, NULL, NULL),
(479, 168, 21, 29957, 4, 0, 119828, NULL, NULL),
(480, 169, 29, 13080, 3, 0, 39240, NULL, NULL),
(481, 169, 39, 13367, 3, 0, 40101, NULL, NULL),
(482, 170, 40, 13960, 4, 0, 55840, NULL, NULL),
(483, 171, 40, 22695, 2, 0, 45390, NULL, NULL),
(484, 171, 38, 17453, 3, 0, 52359, NULL, NULL),
(485, 172, 27, 26127, 1, 0, 26127, NULL, NULL),
(486, 172, 12, 14463, 3, 0, 43389, NULL, NULL),
(487, 172, 15, 10705, 2, 0, 21410, NULL, NULL),
(488, 172, 8, 27950, 1, 0, 27950, NULL, NULL),
(489, 173, 7, 18521, 4, 0, 74084, NULL, NULL),
(490, 173, 12, 24835, 1, 0, 24835, NULL, NULL),
(491, 173, 33, 16642, 5, 0, 83210, NULL, NULL),
(492, 173, 6, 26011, 3, 0, 78033, NULL, NULL),
(493, 174, 29, 10518, 5, 0, 52590, NULL, NULL),
(494, 174, 18, 22643, 3, 0, 67929, NULL, NULL),
(495, 174, 14, 12838, 2, 0, 25676, NULL, NULL),
(496, 174, 36, 26720, 3, 0, 80160, NULL, NULL),
(497, 174, 40, 24326, 5, 0, 121630, NULL, NULL),
(498, 175, 6, 13702, 1, 0, 13702, NULL, NULL),
(499, 175, 7, 14197, 4, 0, 56788, NULL, NULL),
(500, 176, 7, 18792, 1, 0, 18792, NULL, NULL),
(501, 176, 29, 12867, 3, 0, 38601, NULL, NULL),
(502, 176, 37, 16041, 5, 0, 80205, NULL, NULL),
(503, 176, 12, 28690, 2, 0, 57380, NULL, NULL),
(504, 177, 29, 19696, 3, 0, 59088, NULL, NULL),
(505, 178, 1, 11200, 5, 0, 56000, NULL, NULL),
(506, 178, 9, 13968, 2, 0, 27936, NULL, NULL),
(507, 178, 26, 16467, 4, 0, 65868, NULL, NULL),
(508, 178, 38, 12770, 1, 0, 12770, NULL, NULL),
(509, 179, 20, 12444, 3, 0, 37332, NULL, NULL),
(510, 180, 32, 16165, 2, 0, 32330, NULL, NULL),
(511, 180, 31, 12590, 4, 0, 50360, NULL, NULL),
(512, 180, 28, 20503, 4, 0, 82012, NULL, NULL),
(513, 181, 11, 19181, 5, 0, 95905, NULL, NULL),
(514, 181, 38, 21113, 5, 0, 105565, NULL, NULL),
(515, 181, 9, 11739, 3, 0, 35217, NULL, NULL),
(516, 181, 17, 19801, 2, 0, 39602, NULL, NULL),
(517, 182, 32, 10506, 1, 0, 10506, NULL, NULL),
(518, 182, 33, 29023, 5, 0, 145115, NULL, NULL),
(519, 183, 3, 21997, 2, 0, 43994, NULL, NULL),
(520, 183, 40, 14611, 1, 0, 14611, NULL, NULL),
(521, 183, 15, 27154, 5, 0, 135770, NULL, NULL),
(522, 183, 7, 20594, 1, 0, 20594, NULL, NULL),
(523, 183, 24, 15033, 1, 0, 15033, NULL, NULL),
(524, 184, 36, 10609, 4, 0, 42436, NULL, NULL),
(525, 184, 6, 28713, 3, 0, 86139, NULL, NULL),
(526, 184, 31, 24546, 3, 0, 73638, NULL, NULL),
(527, 184, 9, 27810, 4, 0, 111240, NULL, NULL),
(528, 184, 17, 24520, 2, 0, 49040, NULL, NULL),
(529, 185, 14, 10331, 1, 0, 10331, NULL, NULL),
(530, 186, 4, 20480, 4, 0, 81920, NULL, NULL),
(531, 186, 22, 13810, 3, 0, 41430, NULL, NULL),
(532, 186, 33, 29374, 1, 0, 29374, NULL, NULL),
(533, 186, 37, 23381, 2, 0, 46762, NULL, NULL),
(534, 186, 24, 17677, 4, 0, 70708, NULL, NULL),
(535, 187, 27, 27477, 5, 0, 137385, NULL, NULL),
(536, 187, 14, 21155, 5, 0, 105775, NULL, NULL),
(537, 188, 34, 17440, 5, 0, 87200, NULL, NULL),
(538, 188, 35, 24265, 1, 0, 24265, NULL, NULL),
(539, 188, 4, 14257, 4, 0, 57028, NULL, NULL),
(540, 188, 39, 15389, 2, 0, 30778, NULL, NULL),
(541, 188, 8, 15682, 1, 0, 15682, NULL, NULL),
(542, 189, 4, 16277, 5, 0, 81385, NULL, NULL),
(543, 189, 24, 27653, 4, 0, 110612, NULL, NULL),
(544, 190, 10, 21890, 3, 0, 65670, NULL, NULL),
(545, 190, 36, 29432, 4, 0, 117728, NULL, NULL),
(546, 191, 13, 11270, 1, 0, 11270, NULL, NULL),
(547, 191, 9, 26482, 5, 0, 132410, NULL, NULL),
(548, 192, 19, 17251, 2, 0, 34502, NULL, NULL),
(549, 192, 28, 12784, 1, 0, 12784, NULL, NULL),
(550, 192, 21, 25449, 2, 0, 50898, NULL, NULL),
(551, 193, 1, 17327, 1, 0, 17327, NULL, NULL),
(552, 193, 35, 29189, 4, 0, 116756, NULL, NULL),
(553, 194, 34, 14291, 2, 0, 28582, NULL, NULL),
(554, 194, 23, 26805, 5, 0, 134025, NULL, NULL),
(555, 194, 10, 18941, 2, 0, 37882, NULL, NULL),
(556, 195, 33, 27198, 4, 0, 108792, NULL, NULL),
(557, 195, 14, 26983, 4, 0, 107932, NULL, NULL),
(558, 195, 25, 11458, 2, 0, 22916, NULL, NULL),
(559, 195, 31, 26514, 4, 0, 106056, NULL, NULL),
(560, 196, 15, 22111, 5, 0, 110555, NULL, NULL),
(561, 197, 33, 17159, 5, 0, 85795, NULL, NULL),
(562, 197, 34, 11405, 1, 0, 11405, NULL, NULL),
(563, 197, 13, 16495, 2, 0, 32990, NULL, NULL),
(564, 198, 36, 28221, 3, 0, 84663, NULL, NULL),
(565, 199, 11, 27199, 5, 0, 135995, NULL, NULL),
(566, 199, 3, 14517, 2, 0, 29034, NULL, NULL),
(567, 199, 28, 20461, 3, 0, 61383, NULL, NULL),
(568, 200, 33, 28632, 5, 0, 143160, NULL, NULL),
(569, 200, 30, 17567, 3, 0, 52701, NULL, NULL),
(570, 200, 11, 18284, 3, 0, 54852, NULL, NULL),
(571, 201, 33, 17679, 4, 0, 70716, NULL, NULL),
(572, 201, 20, 15026, 4, 0, 60104, NULL, NULL),
(573, 201, 13, 14654, 4, 0, 58616, NULL, NULL),
(574, 202, 5, 24681, 1, 0, 24681, NULL, NULL),
(575, 202, 4, 26401, 2, 0, 52802, NULL, NULL),
(576, 202, 19, 23957, 4, 0, 95828, NULL, NULL),
(577, 202, 35, 18438, 5, 0, 92190, NULL, NULL),
(578, 203, 25, 10043, 3, 0, 30129, NULL, NULL),
(579, 204, 34, 23508, 5, 0, 117540, NULL, NULL),
(580, 204, 24, 26551, 3, 0, 79653, NULL, NULL),
(581, 205, 37, 25452, 2, 0, 50904, NULL, NULL),
(582, 206, 16, 18437, 1, 0, 18437, NULL, NULL),
(583, 206, 14, 16753, 4, 0, 67012, NULL, NULL),
(584, 206, 28, 16954, 1, 0, 16954, NULL, NULL),
(585, 207, 35, 25023, 2, 0, 50046, NULL, NULL),
(586, 208, 7, 28525, 1, 0, 28525, NULL, NULL),
(587, 208, 31, 22476, 4, 0, 89904, NULL, NULL),
(588, 208, 4, 24542, 3, 0, 73626, NULL, NULL),
(589, 208, 26, 12491, 2, 0, 24982, NULL, NULL),
(590, 209, 40, 15440, 2, 0, 30880, NULL, NULL),
(591, 209, 26, 13574, 2, 0, 27148, NULL, NULL),
(592, 209, 9, 13120, 4, 0, 52480, NULL, NULL),
(593, 209, 6, 11775, 3, 0, 35325, NULL, NULL),
(594, 210, 4, 14525, 3, 0, 43575, NULL, NULL),
(595, 210, 8, 16851, 4, 0, 67404, NULL, NULL),
(596, 210, 14, 25486, 2, 0, 50972, NULL, NULL),
(597, 210, 12, 12862, 3, 0, 38586, NULL, NULL),
(598, 211, 4, 28511, 2, 0, 57022, NULL, NULL),
(599, 212, 34, 20980, 5, 0, 104900, NULL, NULL),
(600, 212, 25, 12628, 3, 0, 37884, NULL, NULL),
(601, 212, 26, 15308, 5, 0, 76540, NULL, NULL),
(602, 213, 18, 21489, 2, 0, 42978, NULL, NULL),
(603, 213, 7, 20375, 1, 0, 20375, NULL, NULL),
(604, 213, 20, 15649, 1, 0, 15649, NULL, NULL),
(605, 213, 21, 10346, 4, 0, 41384, NULL, NULL),
(606, 214, 6, 12464, 1, 0, 12464, NULL, NULL),
(607, 214, 11, 14237, 3, 0, 42711, NULL, NULL),
(608, 214, 7, 22800, 5, 0, 114000, NULL, NULL),
(609, 214, 32, 26565, 3, 0, 79695, NULL, NULL),
(610, 215, 27, 24785, 5, 0, 123925, NULL, NULL),
(611, 215, 16, 20148, 3, 0, 60444, NULL, NULL),
(612, 216, 14, 15866, 3, 0, 47598, NULL, NULL),
(613, 216, 34, 24212, 1, 0, 24212, NULL, NULL),
(614, 216, 3, 12759, 2, 0, 25518, NULL, NULL),
(615, 217, 9, 23018, 3, 0, 69054, NULL, NULL),
(616, 217, 7, 21807, 3, 0, 65421, NULL, NULL),
(617, 217, 10, 22771, 5, 0, 113855, NULL, NULL),
(618, 217, 14, 12695, 2, 0, 25390, NULL, NULL),
(619, 217, 28, 27172, 5, 0, 135860, NULL, NULL),
(620, 218, 6, 24376, 3, 0, 73128, NULL, NULL),
(621, 218, 34, 27127, 1, 0, 27127, NULL, NULL),
(622, 218, 23, 20739, 1, 0, 20739, NULL, NULL),
(623, 218, 28, 16178, 5, 0, 80890, NULL, NULL),
(624, 218, 35, 24016, 2, 0, 48032, NULL, NULL),
(625, 219, 10, 20650, 2, 0, 41300, NULL, NULL),
(626, 220, 27, 12901, 1, 0, 12901, NULL, NULL),
(627, 220, 11, 11824, 5, 0, 59120, NULL, NULL),
(628, 220, 17, 24065, 4, 0, 96260, NULL, NULL),
(629, 221, 23, 12713, 3, 0, 38139, NULL, NULL),
(630, 221, 29, 26874, 4, 0, 107496, NULL, NULL),
(631, 221, 2, 24205, 3, 0, 72615, NULL, NULL),
(632, 221, 32, 16266, 5, 0, 81330, NULL, NULL),
(633, 222, 3, 18736, 3, 0, 56208, NULL, NULL),
(634, 222, 38, 17378, 2, 0, 34756, NULL, NULL),
(635, 222, 4, 20187, 2, 0, 40374, NULL, NULL),
(636, 223, 17, 16291, 2, 0, 32582, NULL, NULL),
(637, 223, 36, 11285, 3, 0, 33855, NULL, NULL),
(638, 223, 8, 14230, 1, 0, 14230, NULL, NULL),
(639, 224, 23, 19689, 4, 0, 78756, NULL, NULL),
(640, 224, 26, 16766, 5, 0, 83830, NULL, NULL),
(641, 224, 3, 20055, 1, 0, 20055, NULL, NULL),
(642, 224, 20, 16978, 4, 0, 67912, NULL, NULL),
(643, 224, 37, 22676, 1, 0, 22676, NULL, NULL),
(644, 225, 22, 25895, 4, 0, 103580, NULL, NULL),
(645, 225, 25, 11577, 1, 0, 11577, NULL, NULL),
(646, 225, 19, 13950, 3, 0, 41850, NULL, NULL),
(647, 225, 3, 15688, 4, 0, 62752, NULL, NULL),
(648, 226, 27, 23420, 2, 0, 46840, NULL, NULL),
(649, 227, 14, 14917, 5, 0, 74585, NULL, NULL),
(650, 227, 23, 19625, 2, 0, 39250, NULL, NULL),
(651, 227, 39, 16375, 4, 0, 65500, NULL, NULL),
(652, 227, 34, 25102, 3, 0, 75306, NULL, NULL),
(653, 227, 20, 27496, 1, 0, 27496, NULL, NULL),
(654, 228, 39, 21329, 2, 0, 42658, NULL, NULL),
(655, 228, 13, 19474, 1, 0, 19474, NULL, NULL),
(656, 228, 37, 26143, 5, 0, 130715, NULL, NULL),
(657, 228, 23, 29113, 3, 0, 87339, NULL, NULL),
(658, 228, 33, 29416, 1, 0, 29416, NULL, NULL),
(659, 229, 17, 19991, 3, 0, 59973, NULL, NULL),
(660, 230, 29, 14752, 2, 0, 29504, NULL, NULL),
(661, 231, 8, 12114, 1, 0, 12114, NULL, NULL),
(662, 231, 35, 15166, 1, 0, 15166, NULL, NULL),
(663, 232, 32, 10587, 5, 0, 52935, NULL, NULL),
(664, 232, 27, 15595, 2, 0, 31190, NULL, NULL),
(665, 232, 24, 25663, 5, 0, 128315, NULL, NULL),
(666, 233, 1, 29308, 1, 0, 29308, NULL, NULL),
(667, 233, 33, 14097, 5, 0, 70485, NULL, NULL),
(668, 233, 21, 26317, 5, 0, 131585, NULL, NULL),
(669, 233, 7, 24843, 2, 0, 49686, NULL, NULL),
(670, 233, 39, 24206, 3, 0, 72618, NULL, NULL),
(671, 234, 33, 12042, 3, 0, 36126, NULL, NULL),
(672, 235, 20, 23741, 3, 0, 71223, NULL, NULL),
(673, 235, 26, 29214, 3, 0, 87642, NULL, NULL),
(674, 235, 11, 23203, 5, 0, 116015, NULL, NULL),
(675, 236, 39, 18612, 4, 0, 74448, NULL, NULL),
(676, 236, 24, 11410, 1, 0, 11410, NULL, NULL),
(677, 236, 26, 16780, 2, 0, 33560, NULL, NULL),
(678, 237, 24, 18892, 4, 0, 75568, NULL, NULL),
(679, 237, 32, 14613, 1, 0, 14613, NULL, NULL),
(680, 237, 40, 18965, 2, 0, 37930, NULL, NULL),
(681, 237, 37, 13566, 1, 0, 13566, NULL, NULL),
(682, 237, 13, 16001, 1, 0, 16001, NULL, NULL),
(683, 238, 34, 24166, 1, 0, 24166, NULL, NULL),
(684, 238, 26, 27243, 3, 0, 81729, NULL, NULL),
(685, 239, 11, 18852, 4, 0, 75408, NULL, NULL),
(686, 239, 20, 28210, 5, 0, 141050, NULL, NULL),
(687, 240, 30, 29759, 5, 0, 148795, NULL, NULL),
(688, 240, 24, 25711, 5, 0, 128555, NULL, NULL),
(689, 240, 37, 29113, 1, 0, 29113, NULL, NULL),
(690, 240, 25, 23966, 3, 0, 71898, NULL, NULL),
(691, 241, 5, 23140, 1, 0, 23140, NULL, NULL),
(692, 241, 29, 12458, 2, 0, 24916, NULL, NULL),
(693, 241, 11, 20717, 4, 0, 82868, NULL, NULL),
(694, 241, 22, 10947, 4, 0, 43788, NULL, NULL),
(695, 242, 7, 19917, 5, 0, 99585, NULL, NULL),
(696, 242, 32, 25440, 2, 0, 50880, NULL, NULL),
(697, 242, 1, 17494, 4, 0, 69976, NULL, NULL),
(698, 243, 7, 18185, 1, 0, 18185, NULL, NULL),
(699, 243, 32, 28105, 3, 0, 84315, NULL, NULL),
(700, 243, 3, 16719, 3, 0, 50157, NULL, NULL),
(701, 244, 25, 17201, 4, 0, 68804, NULL, NULL),
(702, 244, 35, 12957, 3, 0, 38871, NULL, NULL),
(703, 244, 21, 27325, 2, 0, 54650, NULL, NULL),
(704, 245, 34, 12842, 3, 0, 38526, NULL, NULL),
(705, 245, 16, 14336, 4, 0, 57344, NULL, NULL),
(706, 245, 20, 18505, 1, 0, 18505, NULL, NULL),
(707, 245, 19, 28790, 4, 0, 115160, NULL, NULL),
(708, 246, 36, 19642, 3, 0, 58926, NULL, NULL),
(709, 246, 24, 24946, 3, 0, 74838, NULL, NULL),
(710, 246, 15, 25099, 2, 0, 50198, NULL, NULL),
(711, 246, 1, 16492, 2, 0, 32984, NULL, NULL),
(712, 247, 26, 17091, 2, 0, 34182, NULL, NULL),
(713, 247, 9, 15911, 2, 0, 31822, NULL, NULL),
(714, 248, 14, 14887, 3, 0, 44661, NULL, NULL),
(715, 248, 4, 20230, 3, 0, 60690, NULL, NULL),
(716, 249, 24, 18546, 1, 0, 18546, NULL, NULL),
(717, 249, 18, 15006, 4, 0, 60024, NULL, NULL),
(718, 249, 26, 11141, 5, 0, 55705, NULL, NULL),
(719, 249, 1, 22462, 1, 0, 22462, NULL, NULL),
(720, 249, 29, 22932, 2, 0, 45864, NULL, NULL),
(721, 250, 4, 15178, 4, 0, 60712, NULL, NULL),
(722, 251, 18, 16151, 1, 0, 16151, NULL, NULL),
(723, 252, 1, 12977, 4, 0, 51908, NULL, NULL),
(724, 252, 31, 28825, 3, 0, 86475, NULL, NULL),
(725, 252, 13, 19111, 1, 0, 19111, NULL, NULL),
(726, 252, 16, 13620, 4, 0, 54480, NULL, NULL),
(727, 253, 15, 25760, 2, 0, 51520, NULL, NULL),
(728, 254, 23, 25069, 3, 0, 75207, NULL, NULL),
(729, 255, 30, 27368, 1, 0, 27368, NULL, NULL),
(730, 256, 13, 10898, 2, 0, 21796, NULL, NULL),
(731, 257, 2, 16796, 5, 0, 83980, NULL, NULL),
(732, 257, 3, 17819, 5, 0, 89095, NULL, NULL),
(733, 257, 20, 22578, 1, 0, 22578, NULL, NULL),
(734, 257, 11, 27040, 1, 0, 27040, NULL, NULL),
(735, 258, 5, 21006, 5, 0, 105030, NULL, NULL),
(736, 258, 17, 23020, 1, 0, 23020, NULL, NULL),
(737, 258, 6, 21397, 2, 0, 42794, NULL, NULL),
(738, 258, 25, 25085, 4, 0, 100340, NULL, NULL),
(739, 258, 31, 14899, 5, 0, 74495, NULL, NULL),
(740, 259, 25, 15926, 5, 0, 79630, NULL, NULL),
(741, 259, 12, 16468, 1, 0, 16468, NULL, NULL),
(742, 259, 10, 28695, 3, 0, 86085, NULL, NULL),
(743, 259, 21, 24561, 2, 0, 49122, NULL, NULL),
(744, 260, 4, 19270, 2, 0, 38540, NULL, NULL),
(745, 260, 30, 26291, 2, 0, 52582, NULL, NULL),
(746, 260, 24, 16585, 4, 0, 66340, NULL, NULL),
(747, 260, 27, 28608, 5, 0, 143040, NULL, NULL),
(748, 260, 31, 20653, 1, 0, 20653, NULL, NULL),
(749, 261, 27, 22988, 3, 0, 68964, NULL, NULL),
(750, 261, 23, 28712, 2, 0, 57424, NULL, NULL),
(751, 262, 15, 21939, 1, 0, 21939, NULL, NULL),
(752, 263, 15, 13972, 4, 0, 55888, NULL, NULL),
(753, 263, 28, 16310, 5, 0, 81550, NULL, NULL),
(754, 263, 8, 11854, 5, 0, 59270, NULL, NULL),
(755, 263, 26, 13039, 1, 0, 13039, NULL, NULL),
(756, 263, 31, 15341, 1, 0, 15341, NULL, NULL),
(757, 264, 6, 25212, 3, 0, 75636, NULL, NULL),
(758, 264, 8, 11726, 2, 0, 23452, NULL, NULL),
(759, 264, 29, 23443, 1, 0, 23443, NULL, NULL),
(760, 265, 14, 14179, 5, 0, 70895, NULL, NULL),
(761, 265, 38, 28930, 1, 0, 28930, NULL, NULL),
(762, 265, 28, 10172, 5, 0, 50860, NULL, NULL),
(763, 266, 3, 18878, 4, 0, 75512, NULL, NULL),
(764, 266, 37, 21455, 4, 0, 85820, NULL, NULL),
(765, 266, 5, 10571, 3, 0, 31713, NULL, NULL),
(766, 266, 32, 18857, 5, 0, 94285, NULL, NULL),
(767, 266, 18, 27689, 1, 0, 27689, NULL, NULL),
(768, 267, 1, 14979, 4, 0, 59916, NULL, NULL),
(769, 267, 39, 20225, 2, 0, 40450, NULL, NULL),
(770, 267, 12, 15583, 5, 0, 77915, NULL, NULL),
(771, 267, 6, 16631, 3, 0, 49893, NULL, NULL),
(772, 268, 35, 17997, 4, 0, 71988, NULL, NULL),
(773, 268, 27, 13789, 2, 0, 27578, NULL, NULL),
(774, 269, 34, 14829, 5, 0, 74145, NULL, NULL),
(775, 269, 1, 24224, 4, 0, 96896, NULL, NULL),
(776, 270, 3, 13243, 3, 0, 39729, NULL, NULL),
(777, 270, 20, 13027, 1, 0, 13027, NULL, NULL),
(778, 270, 18, 17671, 3, 0, 53013, NULL, NULL),
(779, 271, 11, 15040, 4, 0, 60160, NULL, NULL),
(780, 272, 11, 25201, 3, 0, 75603, NULL, NULL),
(781, 272, 9, 17240, 5, 0, 86200, NULL, NULL),
(782, 272, 8, 26194, 5, 0, 130970, NULL, NULL),
(783, 272, 26, 17890, 3, 0, 53670, NULL, NULL),
(784, 272, 35, 26205, 1, 0, 26205, NULL, NULL),
(785, 273, 28, 13851, 4, 0, 55404, NULL, NULL),
(786, 273, 4, 19911, 1, 0, 19911, NULL, NULL),
(787, 273, 29, 20132, 5, 0, 100660, NULL, NULL),
(788, 274, 18, 22908, 4, 0, 91632, NULL, NULL),
(789, 274, 13, 20355, 1, 0, 20355, NULL, NULL),
(790, 275, 14, 25302, 1, 0, 25302, NULL, NULL),
(791, 275, 37, 20189, 2, 0, 40378, NULL, NULL),
(792, 275, 2, 19980, 1, 0, 19980, NULL, NULL),
(793, 275, 12, 10867, 1, 0, 10867, NULL, NULL),
(794, 276, 29, 29672, 5, 0, 148360, NULL, NULL),
(795, 276, 31, 19689, 2, 0, 39378, NULL, NULL),
(796, 276, 21, 22363, 3, 0, 67089, NULL, NULL),
(797, 277, 22, 22489, 1, 0, 22489, NULL, NULL),
(798, 277, 39, 28349, 3, 0, 85047, NULL, NULL),
(799, 278, 37, 10403, 5, 0, 52015, NULL, NULL),
(800, 278, 13, 13995, 2, 0, 27990, NULL, NULL),
(801, 278, 3, 12632, 2, 0, 25264, NULL, NULL),
(802, 279, 23, 15858, 5, 0, 79290, NULL, NULL),
(803, 279, 33, 22184, 2, 0, 44368, NULL, NULL),
(804, 279, 36, 28510, 3, 0, 85530, NULL, NULL),
(805, 280, 24, 23446, 4, 0, 93784, NULL, NULL),
(806, 280, 18, 17414, 4, 0, 69656, NULL, NULL),
(807, 280, 12, 29162, 2, 0, 58324, NULL, NULL),
(808, 280, 5, 19175, 4, 0, 76700, NULL, NULL),
(809, 280, 19, 21514, 1, 0, 21514, NULL, NULL),
(810, 281, 17, 28992, 4, 0, 115968, NULL, NULL),
(811, 281, 28, 17684, 2, 0, 35368, NULL, NULL),
(812, 281, 33, 22873, 1, 0, 22873, NULL, NULL),
(813, 281, 10, 18580, 5, 0, 92900, NULL, NULL),
(814, 282, 27, 15910, 4, 0, 63640, NULL, NULL),
(815, 282, 37, 10136, 3, 0, 30408, NULL, NULL),
(816, 283, 11, 17855, 4, 0, 71420, NULL, NULL),
(817, 283, 33, 28706, 2, 0, 57412, NULL, NULL),
(818, 283, 8, 25377, 4, 0, 101508, NULL, NULL),
(819, 284, 26, 10692, 5, 0, 53460, NULL, NULL),
(820, 284, 31, 10933, 1, 0, 10933, NULL, NULL),
(821, 284, 40, 15387, 3, 0, 46161, NULL, NULL),
(822, 284, 28, 19256, 2, 0, 38512, NULL, NULL),
(823, 285, 7, 18686, 4, 0, 74744, NULL, NULL),
(824, 285, 17, 21562, 1, 0, 21562, NULL, NULL),
(825, 285, 22, 27825, 4, 0, 111300, NULL, NULL),
(826, 286, 12, 28466, 1, 0, 28466, NULL, NULL),
(827, 286, 7, 13576, 5, 0, 67880, NULL, NULL),
(828, 286, 31, 19637, 5, 0, 98185, NULL, NULL),
(829, 287, 40, 27291, 2, 0, 54582, NULL, NULL),
(830, 287, 19, 23012, 5, 0, 115060, NULL, NULL),
(831, 287, 36, 29804, 2, 0, 59608, NULL, NULL),
(832, 287, 14, 23849, 2, 0, 47698, NULL, NULL),
(833, 288, 14, 29539, 1, 0, 29539, NULL, NULL),
(834, 288, 36, 22978, 1, 0, 22978, NULL, NULL),
(835, 288, 6, 27574, 3, 0, 82722, NULL, NULL),
(836, 288, 30, 25965, 4, 0, 103860, NULL, NULL),
(837, 289, 31, 20227, 4, 0, 80908, NULL, NULL),
(838, 289, 30, 20158, 1, 0, 20158, NULL, NULL),
(839, 289, 33, 21644, 1, 0, 21644, NULL, NULL),
(840, 289, 1, 20695, 1, 0, 20695, NULL, NULL),
(841, 290, 35, 18528, 1, 0, 18528, NULL, NULL),
(842, 290, 28, 23864, 5, 0, 119320, NULL, NULL),
(843, 290, 1, 18397, 5, 0, 91985, NULL, NULL),
(844, 290, 16, 15476, 4, 0, 61904, NULL, NULL),
(845, 290, 40, 18892, 2, 0, 37784, NULL, NULL),
(846, 291, 22, 15940, 4, 0, 63760, NULL, NULL),
(847, 291, 29, 24940, 2, 0, 49880, NULL, NULL),
(848, 291, 35, 19380, 1, 0, 19380, NULL, NULL),
(849, 291, 11, 22027, 1, 0, 22027, NULL, NULL),
(850, 291, 16, 20404, 3, 0, 61212, NULL, NULL),
(851, 292, 20, 11051, 4, 0, 44204, NULL, NULL),
(852, 292, 26, 24714, 4, 0, 98856, NULL, NULL),
(853, 292, 37, 22770, 2, 0, 45540, NULL, NULL),
(854, 292, 22, 15012, 2, 0, 30024, NULL, NULL),
(855, 292, 7, 16615, 5, 0, 83075, NULL, NULL),
(856, 293, 36, 14507, 3, 0, 43521, NULL, NULL),
(857, 293, 4, 27164, 4, 0, 108656, NULL, NULL),
(858, 293, 28, 18476, 5, 0, 92380, NULL, NULL),
(859, 294, 8, 19057, 4, 0, 76228, NULL, NULL),
(860, 294, 39, 26661, 4, 0, 106644, NULL, NULL),
(861, 294, 36, 14662, 4, 0, 58648, NULL, NULL),
(862, 294, 37, 11775, 1, 0, 11775, NULL, NULL),
(863, 294, 19, 22246, 4, 0, 88984, NULL, NULL),
(864, 295, 13, 25145, 4, 0, 100580, NULL, NULL),
(865, 295, 12, 10343, 4, 0, 41372, NULL, NULL),
(866, 295, 3, 13859, 5, 0, 69295, NULL, NULL),
(867, 296, 5, 10329, 5, 0, 51645, NULL, NULL),
(868, 296, 36, 15135, 4, 0, 60540, NULL, NULL),
(869, 297, 19, 27312, 3, 0, 81936, NULL, NULL),
(870, 297, 33, 18920, 3, 0, 56760, NULL, NULL),
(871, 297, 5, 14085, 3, 0, 42255, NULL, NULL),
(872, 298, 34, 22816, 2, 0, 45632, NULL, NULL),
(873, 299, 38, 16376, 5, 0, 81880, NULL, NULL),
(874, 299, 12, 13502, 2, 0, 27004, NULL, NULL),
(875, 299, 22, 29649, 5, 0, 148245, NULL, NULL),
(876, 300, 12, 10126, 1, 0, 10126, NULL, NULL),
(877, 301, 15, 27349, 1, 0, 27349, NULL, NULL),
(878, 302, 9, 23753, 3, 0, 71259, NULL, NULL),
(879, 302, 35, 20405, 2, 0, 40810, NULL, NULL),
(880, 302, 28, 20603, 1, 0, 20603, NULL, NULL),
(881, 302, 3, 20522, 4, 0, 82088, NULL, NULL),
(882, 302, 12, 12617, 2, 0, 25234, NULL, NULL),
(883, 303, 26, 27550, 2, 0, 55100, NULL, NULL),
(884, 303, 31, 28794, 1, 0, 28794, NULL, NULL),
(885, 303, 39, 21372, 4, 0, 85488, NULL, NULL),
(886, 304, 28, 12531, 5, 0, 62655, NULL, NULL),
(887, 304, 13, 16737, 3, 0, 50211, NULL, NULL),
(888, 304, 34, 12590, 4, 0, 50360, NULL, NULL),
(889, 304, 5, 16002, 5, 0, 80010, NULL, NULL),
(890, 304, 38, 27849, 2, 0, 55698, NULL, NULL),
(891, 305, 9, 18570, 2, 0, 37140, NULL, NULL),
(892, 305, 6, 23366, 1, 0, 23366, NULL, NULL),
(893, 306, 31, 17865, 4, 0, 71460, NULL, NULL),
(894, 306, 6, 23818, 3, 0, 71454, NULL, NULL),
(895, 306, 39, 20144, 2, 0, 40288, NULL, NULL),
(896, 307, 16, 11561, 4, 0, 46244, NULL, NULL),
(897, 308, 29, 13079, 5, 0, 65395, NULL, NULL),
(898, 308, 40, 25526, 5, 0, 127630, NULL, NULL),
(899, 308, 2, 14967, 4, 0, 59868, NULL, NULL),
(900, 308, 4, 14610, 2, 0, 29220, NULL, NULL),
(901, 309, 8, 12047, 1, 0, 12047, NULL, NULL),
(902, 309, 1, 17365, 3, 0, 52095, NULL, NULL),
(903, 309, 24, 16379, 5, 0, 81895, NULL, NULL),
(904, 310, 24, 29119, 5, 0, 145595, NULL, NULL),
(905, 310, 3, 13014, 2, 0, 26028, NULL, NULL),
(906, 310, 36, 15797, 4, 0, 63188, NULL, NULL),
(907, 311, 23, 18306, 5, 0, 91530, NULL, NULL),
(908, 311, 1, 27726, 3, 0, 83178, NULL, NULL),
(909, 312, 8, 16080, 5, 0, 80400, NULL, NULL),
(910, 312, 22, 25670, 2, 0, 51340, NULL, NULL),
(911, 312, 14, 11889, 2, 0, 23778, NULL, NULL),
(912, 313, 14, 13584, 3, 0, 40752, NULL, NULL),
(913, 313, 2, 14067, 3, 0, 42201, NULL, NULL),
(914, 313, 6, 17145, 2, 0, 34290, NULL, NULL),
(915, 313, 29, 22386, 1, 0, 22386, NULL, NULL),
(916, 313, 15, 26038, 2, 0, 52076, NULL, NULL),
(917, 314, 8, 28052, 2, 0, 56104, NULL, NULL),
(918, 314, 35, 28223, 1, 0, 28223, NULL, NULL),
(919, 314, 12, 24695, 3, 0, 74085, NULL, NULL),
(920, 314, 4, 28894, 1, 0, 28894, NULL, NULL),
(921, 314, 23, 23963, 3, 0, 71889, NULL, NULL),
(922, 315, 37, 14159, 5, 0, 70795, NULL, NULL),
(923, 315, 21, 29167, 2, 0, 58334, NULL, NULL),
(924, 315, 13, 12980, 5, 0, 64900, NULL, NULL),
(925, 315, 17, 20651, 1, 0, 20651, NULL, NULL),
(926, 315, 28, 28052, 3, 0, 84156, NULL, NULL),
(927, 316, 21, 10192, 1, 0, 10192, NULL, NULL),
(928, 317, 24, 24395, 2, 0, 48790, NULL, NULL),
(929, 317, 35, 20787, 4, 0, 83148, NULL, NULL),
(930, 317, 27, 13220, 1, 0, 13220, NULL, NULL),
(931, 317, 38, 11037, 5, 0, 55185, NULL, NULL),
(932, 317, 20, 16512, 2, 0, 33024, NULL, NULL),
(933, 318, 23, 27237, 3, 0, 81711, NULL, NULL),
(934, 318, 37, 23845, 2, 0, 47690, NULL, NULL),
(935, 318, 15, 26727, 1, 0, 26727, NULL, NULL),
(936, 319, 31, 28449, 4, 0, 113796, NULL, NULL),
(937, 319, 18, 27970, 1, 0, 27970, NULL, NULL),
(938, 320, 19, 20895, 2, 0, 41790, NULL, NULL),
(939, 320, 6, 17856, 4, 0, 71424, NULL, NULL),
(940, 320, 1, 25152, 5, 0, 125760, NULL, NULL),
(941, 320, 15, 10185, 4, 0, 40740, NULL, NULL),
(942, 321, 6, 15628, 1, 0, 15628, NULL, NULL),
(943, 321, 29, 13253, 1, 0, 13253, NULL, NULL),
(944, 321, 4, 11390, 3, 0, 34170, NULL, NULL),
(945, 321, 19, 19234, 5, 0, 96170, NULL, NULL),
(946, 322, 7, 29822, 3, 0, 89466, NULL, NULL),
(947, 322, 8, 14504, 3, 0, 43512, NULL, NULL),
(948, 322, 33, 16111, 1, 0, 16111, NULL, NULL),
(949, 323, 25, 22139, 2, 0, 44278, NULL, NULL),
(950, 323, 16, 27267, 5, 0, 136335, NULL, NULL),
(951, 323, 36, 25835, 1, 0, 25835, NULL, NULL),
(952, 323, 12, 29054, 1, 0, 29054, NULL, NULL),
(953, 323, 24, 21552, 1, 0, 21552, NULL, NULL),
(954, 324, 10, 10079, 2, 0, 20158, NULL, NULL),
(955, 324, 6, 27955, 3, 0, 83865, NULL, NULL),
(956, 324, 24, 14668, 5, 0, 73340, NULL, NULL),
(957, 324, 16, 19606, 5, 0, 98030, NULL, NULL),
(958, 324, 22, 19135, 4, 0, 76540, NULL, NULL),
(959, 325, 2, 10482, 4, 0, 41928, NULL, NULL),
(960, 325, 18, 23499, 1, 0, 23499, NULL, NULL),
(961, 326, 25, 29061, 1, 0, 29061, NULL, NULL),
(962, 326, 15, 20555, 1, 0, 20555, NULL, NULL),
(963, 326, 39, 29457, 3, 0, 88371, NULL, NULL),
(964, 327, 21, 19583, 3, 0, 58749, NULL, NULL),
(965, 327, 17, 19594, 4, 0, 78376, NULL, NULL),
(966, 327, 31, 22407, 3, 0, 67221, NULL, NULL),
(967, 327, 27, 29639, 3, 0, 88917, NULL, NULL),
(968, 327, 29, 14991, 5, 0, 74955, NULL, NULL),
(969, 328, 3, 17358, 5, 0, 86790, NULL, NULL),
(970, 328, 24, 24312, 4, 0, 97248, NULL, NULL),
(971, 329, 30, 24239, 1, 0, 24239, NULL, NULL),
(972, 329, 28, 15980, 2, 0, 31960, NULL, NULL),
(973, 329, 17, 27955, 2, 0, 55910, NULL, NULL),
(974, 329, 21, 23115, 3, 0, 69345, NULL, NULL),
(975, 330, 11, 27833, 3, 0, 83499, NULL, NULL),
(976, 330, 25, 13963, 4, 0, 55852, NULL, NULL),
(977, 331, 24, 24572, 3, 0, 73716, NULL, NULL),
(978, 331, 5, 28433, 3, 0, 85299, NULL, NULL),
(979, 331, 4, 15383, 1, 0, 15383, NULL, NULL),
(980, 331, 30, 19232, 2, 0, 38464, NULL, NULL),
(981, 331, 15, 23290, 2, 0, 46580, NULL, NULL),
(982, 332, 36, 19187, 5, 0, 95935, NULL, NULL),
(983, 332, 40, 10320, 2, 0, 20640, NULL, NULL),
(984, 332, 7, 26625, 4, 0, 106500, NULL, NULL),
(985, 333, 22, 12320, 4, 0, 49280, NULL, NULL),
(986, 333, 23, 23799, 1, 0, 23799, NULL, NULL),
(987, 333, 29, 19064, 5, 0, 95320, NULL, NULL),
(988, 333, 30, 10825, 2, 0, 21650, NULL, NULL),
(989, 333, 6, 23227, 4, 0, 92908, NULL, NULL),
(990, 334, 21, 15177, 4, 0, 60708, NULL, NULL),
(991, 334, 5, 14185, 4, 0, 56740, NULL, NULL),
(992, 334, 37, 15752, 2, 0, 31504, NULL, NULL),
(993, 335, 29, 29640, 1, 0, 29640, NULL, NULL),
(994, 335, 25, 24383, 4, 0, 97532, NULL, NULL),
(995, 335, 30, 21601, 1, 0, 21601, NULL, NULL),
(996, 336, 15, 24465, 5, 0, 122325, NULL, NULL),
(997, 336, 17, 10089, 1, 0, 10089, NULL, NULL),
(998, 337, 6, 21920, 5, 0, 109600, NULL, NULL),
(999, 337, 28, 23698, 2, 0, 47396, NULL, NULL),
(1000, 337, 8, 11455, 2, 0, 22910, NULL, NULL),
(1001, 337, 10, 10604, 3, 0, 31812, NULL, NULL),
(1002, 337, 9, 14624, 1, 0, 14624, NULL, NULL),
(1003, 338, 40, 29375, 5, 0, 146875, NULL, NULL),
(1004, 338, 21, 12223, 5, 0, 61115, NULL, NULL),
(1005, 339, 5, 16966, 1, 0, 16966, NULL, NULL),
(1006, 339, 35, 25710, 3, 0, 77130, NULL, NULL),
(1007, 339, 39, 12143, 4, 0, 48572, NULL, NULL),
(1008, 340, 40, 18670, 2, 0, 37340, NULL, NULL),
(1009, 340, 3, 19211, 3, 0, 57633, NULL, NULL),
(1010, 340, 10, 13955, 5, 0, 69775, NULL, NULL),
(1011, 340, 35, 15544, 1, 0, 15544, NULL, NULL),
(1012, 341, 8, 21306, 2, 0, 42612, NULL, NULL),
(1013, 341, 36, 16979, 4, 0, 67916, NULL, NULL),
(1014, 342, 3, 19500, 2, 0, 39000, NULL, NULL),
(1015, 342, 39, 24273, 2, 0, 48546, NULL, NULL),
(1016, 343, 22, 22106, 5, 0, 110530, NULL, NULL),
(1017, 343, 26, 21958, 2, 0, 43916, NULL, NULL),
(1018, 343, 14, 28263, 1, 0, 28263, NULL, NULL),
(1019, 343, 15, 14862, 5, 0, 74310, NULL, NULL),
(1020, 344, 3, 23855, 4, 0, 95420, NULL, NULL),
(1021, 344, 25, 18052, 3, 0, 54156, NULL, NULL),
(1022, 344, 26, 11740, 3, 0, 35220, NULL, NULL),
(1023, 344, 36, 11916, 5, 0, 59580, NULL, NULL),
(1024, 345, 20, 20968, 1, 0, 20968, NULL, NULL),
(1025, 346, 31, 29369, 1, 0, 29369, NULL, NULL),
(1026, 347, 12, 13249, 3, 0, 39747, NULL, NULL),
(1027, 347, 18, 20408, 5, 0, 102040, NULL, NULL),
(1028, 347, 3, 28798, 2, 0, 57596, NULL, NULL),
(1029, 348, 14, 11584, 2, 0, 23168, NULL, NULL),
(1030, 349, 32, 22925, 1, 0, 22925, NULL, NULL),
(1031, 350, 28, 14852, 5, 0, 74260, NULL, NULL),
(1032, 350, 12, 22932, 1, 0, 22932, NULL, NULL),
(1033, 351, 17, 13092, 2, 0, 26184, NULL, NULL),
(1034, 351, 10, 10054, 4, 0, 40216, NULL, NULL),
(1035, 351, 7, 14537, 1, 0, 14537, NULL, NULL),
(1036, 352, 26, 19862, 2, 0, 39724, NULL, NULL),
(1037, 353, 15, 27443, 2, 0, 54886, NULL, NULL),
(1038, 353, 29, 23658, 5, 0, 118290, NULL, NULL),
(1039, 354, 33, 17982, 3, 0, 53946, NULL, NULL),
(1040, 354, 20, 13746, 5, 0, 68730, NULL, NULL),
(1041, 354, 4, 29564, 4, 0, 118256, NULL, NULL),
(1042, 355, 30, 24438, 2, 0, 48876, NULL, NULL),
(1043, 355, 23, 23475, 2, 0, 46950, NULL, NULL),
(1044, 355, 22, 14846, 3, 0, 44538, NULL, NULL),
(1045, 356, 36, 14158, 4, 0, 56632, NULL, NULL),
(1046, 356, 13, 28982, 1, 0, 28982, NULL, NULL),
(1047, 357, 4, 21755, 2, 0, 43510, NULL, NULL),
(1048, 357, 25, 15821, 2, 0, 31642, NULL, NULL),
(1049, 357, 15, 20980, 1, 0, 20980, NULL, NULL),
(1050, 358, 31, 26258, 3, 0, 78774, NULL, NULL),
(1051, 358, 5, 23332, 1, 0, 23332, NULL, NULL),
(1052, 358, 12, 20997, 3, 0, 62991, NULL, NULL),
(1053, 358, 32, 27264, 2, 0, 54528, NULL, NULL),
(1054, 358, 35, 13047, 3, 0, 39141, NULL, NULL),
(1055, 359, 24, 29665, 3, 0, 88995, NULL, NULL),
(1056, 359, 39, 24905, 4, 0, 99620, NULL, NULL),
(1057, 359, 6, 16625, 5, 0, 83125, NULL, NULL),
(1058, 359, 1, 13921, 1, 0, 13921, NULL, NULL),
(1059, 359, 31, 22179, 4, 0, 88716, NULL, NULL),
(1060, 360, 1, 16369, 4, 0, 65476, NULL, NULL),
(1061, 360, 15, 28934, 1, 0, 28934, NULL, NULL),
(1062, 361, 22, 20636, 3, 0, 61908, NULL, NULL),
(1063, 361, 35, 17877, 4, 0, 71508, NULL, NULL),
(1064, 361, 10, 12357, 2, 0, 24714, NULL, NULL),
(1065, 362, 9, 13848, 2, 0, 27696, NULL, NULL),
(1066, 362, 11, 23139, 5, 0, 115695, NULL, NULL),
(1067, 362, 2, 17070, 5, 0, 85350, NULL, NULL),
(1068, 362, 36, 22053, 2, 0, 44106, NULL, NULL),
(1069, 362, 3, 21736, 3, 0, 65208, NULL, NULL),
(1070, 363, 16, 19639, 4, 0, 78556, NULL, NULL),
(1071, 364, 8, 23329, 2, 0, 46658, NULL, NULL),
(1072, 364, 4, 13791, 4, 0, 55164, NULL, NULL),
(1073, 365, 1, 13615, 4, 0, 54460, NULL, NULL),
(1074, 365, 8, 17650, 5, 0, 88250, NULL, NULL),
(1075, 365, 28, 11424, 1, 0, 11424, NULL, NULL),
(1076, 365, 3, 17550, 3, 0, 52650, NULL, NULL),
(1077, 366, 26, 29126, 3, 0, 87378, NULL, NULL),
(1078, 366, 31, 15366, 3, 0, 46098, NULL, NULL),
(1079, 366, 35, 14826, 4, 0, 59304, NULL, NULL),
(1080, 367, 20, 24371, 3, 0, 73113, NULL, NULL),
(1081, 367, 9, 20426, 3, 0, 61278, NULL, NULL),
(1082, 367, 12, 13293, 2, 0, 26586, NULL, NULL),
(1083, 367, 4, 20068, 3, 0, 60204, NULL, NULL),
(1084, 367, 37, 10422, 5, 0, 52110, NULL, NULL),
(1085, 368, 25, 11581, 1, 0, 11581, NULL, NULL),
(1086, 368, 22, 25074, 1, 0, 25074, NULL, NULL),
(1087, 368, 17, 19191, 2, 0, 38382, NULL, NULL),
(1088, 368, 12, 28328, 3, 0, 84984, NULL, NULL),
(1089, 369, 8, 25876, 2, 0, 51752, NULL, NULL),
(1090, 370, 36, 25272, 1, 0, 25272, NULL, NULL),
(1091, 371, 39, 11360, 3, 0, 34080, NULL, NULL),
(1092, 371, 28, 18500, 4, 0, 74000, NULL, NULL);
INSERT INTO `penjualan_detail` (`id_penjualan_detail`, `id_penjualan`, `id_produk`, `harga_jual`, `jumlah`, `diskon`, `subtotal`, `created_at`, `updated_at`) VALUES
(1093, 371, 15, 29725, 4, 0, 118900, NULL, NULL),
(1094, 371, 24, 28284, 4, 0, 113136, NULL, NULL),
(1095, 372, 41, 12000, 3, 5, 36000, '2025-06-23 06:16:36', '2025-06-23 06:17:01'),
(1103, 375, 1, 14903, 2, 5, 29806, '2025-06-23 13:44:02', '2025-06-23 13:44:53'),
(1104, 375, 7, 20246, 1, 5, 20246, '2025-06-23 13:44:05', '2025-06-23 13:44:53'),
(1105, 375, 6, 9271, 1, 5, 9271, '2025-06-23 13:44:10', '2025-06-23 13:44:53'),
(1106, 375, 5, 21651, 1, 5, 21651, '2025-06-23 13:44:12', '2025-06-23 13:44:53'),
(1107, 376, 1, 14903, 1, 0, 14903, '2025-06-23 15:04:29', '2025-06-23 15:04:29'),
(1108, 376, 7, 20246, 1, 0, 20246, '2025-06-23 15:04:40', '2025-06-23 15:04:40'),
(1109, 376, 6, 9271, 1, 0, 9271, '2025-06-23 15:04:44', '2025-06-23 15:04:44'),
(1111, 377, 41, 12000, 3, 5, 36000, '2025-06-30 04:01:39', '2025-06-30 04:02:18'),
(1113, 378, 42, 7000, 4, 0, 28000, '2025-06-30 04:11:48', '2025-06-30 04:11:55');

-- --------------------------------------------------------

--
-- Table structure for table `penjualan_detail_batch`
--

CREATE TABLE `penjualan_detail_batch` (
  `id` bigint(20) UNSIGNED NOT NULL,
  `id_penjualan_detail` int(10) UNSIGNED NOT NULL,
  `id_pembelian_detail` int(10) UNSIGNED NOT NULL,
  `qty` int(11) NOT NULL,
  `harga_beli` int(11) NOT NULL,
  `created_at` timestamp NULL DEFAULT current_timestamp(),
  `updated_at` timestamp NULL DEFAULT current_timestamp() ON UPDATE current_timestamp()
) ENGINE=InnoDB DEFAULT CHARSET=utf8mb4 COLLATE=utf8mb4_unicode_ci;

--
-- Dumping data for table `penjualan_detail_batch`
--

INSERT INTO `penjualan_detail_batch` (`id`, `id_penjualan_detail`, `id_pembelian_detail`, `qty`, `harga_beli`, `created_at`, `updated_at`) VALUES
(1, 1095, 718, 2, 12000, '2025-06-23 06:17:00', '2025-06-23 06:17:00'),
(2, 1095, 720, 1, 13000, '2025-06-23 06:17:00', '2025-06-23 06:17:00'),
(10, 1103, 714, 1, 15000, '2025-06-23 13:44:53', '2025-06-23 13:44:53'),
(11, 1103, 716, 1, 12000, '2025-06-23 13:44:53', '2025-06-23 13:44:53'),
(12, 1104, 715, 1, 13000, '2025-06-23 13:44:53', '2025-06-23 13:44:53'),
(13, 1105, 724, 1, 6000, '2025-06-23 13:44:53', '2025-06-23 13:44:53'),
(14, 1106, 725, 1, 3500, '2025-06-23 13:44:53', '2025-06-23 13:44:53'),
(15, 1107, 716, 1, 12000, '2025-06-23 15:05:40', '2025-06-23 15:05:40'),
(16, 1108, 717, 1, 12000, '2025-06-23 15:05:40', '2025-06-23 15:05:40'),
(17, 1109, 724, 1, 6000, '2025-06-23 15:05:40', '2025-06-23 15:05:40'),
(18, 1111, 720, 2, 13000, '2025-06-30 04:02:18', '2025-06-30 04:02:18'),
(19, 1111, 722, 1, 10000, '2025-06-30 04:02:18', '2025-06-30 04:02:18'),
(20, 1113, 719, 3, 5000, '2025-06-30 04:12:05', '2025-06-30 04:12:05'),
(21, 1113, 721, 1, 7000, '2025-06-30 04:12:05', '2025-06-30 04:12:05');

-- --------------------------------------------------------

--
-- Table structure for table `personal_access_tokens`
--

CREATE TABLE `personal_access_tokens` (
  `id` bigint(20) UNSIGNED NOT NULL,
  `tokenable_type` varchar(255) NOT NULL,
  `tokenable_id` bigint(20) UNSIGNED NOT NULL,
  `name` varchar(255) NOT NULL,
  `token` varchar(64) NOT NULL,
  `abilities` text DEFAULT NULL,
  `last_used_at` timestamp NULL DEFAULT NULL,
  `created_at` timestamp NULL DEFAULT NULL,
  `updated_at` timestamp NULL DEFAULT NULL
) ENGINE=InnoDB DEFAULT CHARSET=utf8mb4 COLLATE=utf8mb4_unicode_ci;

-- --------------------------------------------------------

--
-- Table structure for table `produk`
--

CREATE TABLE `produk` (
  `id_produk` int(10) UNSIGNED NOT NULL,
  `id_kategori` int(10) UNSIGNED NOT NULL,
  `kode_produk` varchar(255) NOT NULL,
  `barcode` varchar(255) DEFAULT NULL,
  `nama_produk` varchar(255) NOT NULL,
  `merk` varchar(255) DEFAULT NULL,
  `harga_beli` int(11) NOT NULL,
  `diskon` tinyint(4) NOT NULL DEFAULT 0,
  `harga_jual` int(11) NOT NULL,
  `stok` int(11) NOT NULL,
  `stok_minimum` int(11) NOT NULL DEFAULT 10,
  `created_at` timestamp NULL DEFAULT NULL,
  `updated_at` timestamp NULL DEFAULT NULL
) ENGINE=InnoDB DEFAULT CHARSET=utf8mb4 COLLATE=utf8mb4_unicode_ci;

--
-- Dumping data for table `produk`
--

INSERT INTO `produk` (`id_produk`, `id_kategori`, `kode_produk`, `barcode`, `nama_produk`, `merk`, `harga_beli`, `diskon`, `harga_jual`, `stok`, `stok_minimum`, `created_at`, `updated_at`) VALUES
(1, 1, 'P00001', 'P000001', 'Aqua Botol 600ml', 'Aqua', 12169, 0, 14903, 50, 15, '2025-04-20 08:14:28', '2025-07-08 14:01:04'),
(2, 1, 'P00002', 'P000002', 'Teh Pucuk Harum', 'Teh Pucuk', 7522, 0, 14416, 40, 10, '2025-04-20 08:14:28', '2025-07-08 14:02:37'),
(3, 1, 'P00003', NULL, 'Le Minerale 1L', 'Le Minerale', 6779, 0, 10069, 40, 10, '2025-04-20 08:14:28', '2025-07-08 13:54:35'),
(4, 1, 'P00004', NULL, 'Sprite Kaleng', 'Sprite', 16911, 0, 24655, 30, 10, '2025-04-20 08:14:28', '2025-07-08 13:54:35'),
(5, 1, 'P00005', NULL, 'Fanta Botol 500ml', 'Fanta', 17592, 0, 21651, 80, 10, '2025-04-20 08:14:28', '2025-07-08 13:54:35'),
(6, 2, 'P00006', NULL, 'Chitato BBQ', 'Chitato', 6243, 0, 9271, 50, 10, '2025-04-20 08:14:28', '2025-07-08 13:54:35'),
(7, 2, 'P00007', NULL, 'Beng-Beng', 'Mayora', 12689, 0, 20246, 60, 10, '2025-04-20 08:14:28', '2025-07-08 13:54:35'),
(8, 2, 'P00008', NULL, 'Oreo Vanilla', 'Oreo', 11812, 0, 16990, 30, 10, '2025-04-20 08:14:28', '2025-07-08 13:54:35'),
(9, 2, 'P00009', NULL, 'SilverQueen Almond', 'SilverQueen', 8856, 0, 16541, 50, 10, '2025-04-20 08:14:28', '2025-07-08 13:54:35'),
(10, 2, 'P00010', NULL, 'Taro Net Seaweed', 'Taro Net', 9756, 0, 16899, 35, 10, '2025-04-20 08:14:28', '2025-07-08 13:54:35'),
(11, 3, 'P00011', NULL, 'Beras Ramos 5kg', 'Cap Topi Koki', 6638, 0, 15035, 66, 10, '2025-04-20 08:14:28', '2025-07-08 13:52:26'),
(12, 3, 'P00012', NULL, 'Minyak Goreng Bimoli 1L', 'Bimoli', 9735, 0, 14800, 39, 10, '2025-04-20 08:14:28', '2025-04-20 08:14:28'),
(13, 3, 'P00013', NULL, 'Gula Gulaku 1kg', 'Gulaku', 19983, 0, 26016, 76, 10, '2025-04-20 08:14:28', '2025-04-20 08:14:28'),
(14, 3, 'P00014', NULL, 'Tepung Segitiga Biru 1kg', 'Segitiga Biru', 19876, 0, 25428, 10, 10, '2025-04-20 08:14:28', '2025-07-08 13:50:46'),
(15, 3, 'P00015', NULL, 'Garam Refina 500gr', 'Refina', 19107, 0, 22666, 91, 10, '2025-04-20 08:14:28', '2025-07-08 13:52:26'),
(16, 4, 'P00016', NULL, 'Lifebuoy Sabun Cair', 'Lifebuoy', 10007, 0, 13110, 86, 10, '2025-04-20 08:14:28', '2025-04-20 08:14:28'),
(17, 4, 'P00017', NULL, 'Pepsodent Pasta Gigi', 'Pepsodent', 14853, 0, 19129, 85, 10, '2025-04-20 08:14:28', '2025-04-20 08:14:28'),
(18, 4, 'P00018', NULL, 'Rinso Deterjen 800gr', 'Rinso', 14883, 0, 21742, 44, 10, '2025-04-20 08:14:28', '2025-04-20 08:14:28'),
(19, 4, 'P00019', NULL, 'Shampoo Clear 170ml', 'Clear', 7989, 0, 14731, 98, 10, '2025-04-20 08:14:28', '2025-04-20 08:14:28'),
(20, 4, 'P00020', NULL, 'Sikat Gigi Formula', 'Formula', 13623, 0, 18930, 79, 10, '2025-04-20 08:14:28', '2025-04-20 08:14:28'),
(21, 5, 'P00021', NULL, 'Pensil 2B Faber-Castell', 'Faber-Castell', 5386, 0, 9784, 25, 10, '2025-04-20 08:14:28', '2025-04-20 08:14:28'),
(22, 5, 'P00022', NULL, 'Pulpen Standard AE7', 'Standard', 15789, 0, 23337, 67, 10, '2025-04-20 08:14:28', '2025-04-20 08:14:28'),
(23, 5, 'P00023', NULL, 'Buku Tulis Sidu A5', 'Sidu', 8007, 0, 17906, 106, 10, '2025-04-20 08:14:28', '2025-07-08 13:52:26'),
(24, 5, 'P00024', NULL, 'Penghapus Joyko', 'Joyko', 15465, 0, 22844, 42, 10, '2025-04-20 08:14:28', '2025-04-20 08:14:28'),
(25, 5, 'P00025', NULL, 'Spidol Snowman', 'Snowman', 12598, 0, 19214, 13, 10, '2025-04-20 08:14:28', '2025-04-20 08:14:28'),
(26, 6, 'P00026', NULL, 'Paracetamol 500mg', 'Paracetamol', 5706, 0, 10945, 13, 10, '2025-04-20 08:14:28', '2025-04-20 08:14:28'),
(27, 6, 'P00027', NULL, 'OBH Combi Anak', 'OBH Combi', 6090, 0, 11950, 21, 10, '2025-04-20 08:14:28', '2025-04-20 08:14:28'),
(28, 6, 'P00028', NULL, 'Panadol Extra', 'Panadol', 14813, 0, 24639, 14, 10, '2025-04-20 08:14:28', '2025-04-20 08:14:28'),
(29, 6, 'P00029', NULL, 'Betadine Cair', 'Betadine', 10320, 0, 14451, 82, 10, '2025-04-20 08:14:28', '2025-07-08 13:52:26'),
(30, 6, 'P00030', NULL, 'Minyak Kayu Putih Cap Lang', 'Cap Lang', 12964, 0, 21691, 65, 10, '2025-04-20 08:14:28', '2025-04-20 08:14:28'),
(31, 7, 'P00031', NULL, 'Ember Plastik Lion Star', 'Lion Star', 16128, 0, 25778, 88, 10, '2025-04-20 08:14:28', '2025-07-08 13:52:26'),
(32, 7, 'P00032', NULL, 'Gayung Kenmaster', 'Kenmaster', 6991, 0, 11531, 40, 10, '2025-04-20 08:14:28', '2025-04-20 08:14:28'),
(33, 7, 'P00033', NULL, 'Sapu Lantai Bulu', 'Bulu Ayam', 15482, 0, 24330, 37, 10, '2025-04-20 08:14:28', '2025-04-20 08:14:28'),
(34, 7, 'P00034', NULL, 'Wajan Maspion 30cm', 'Maspion', 17103, 0, 24884, 72, 10, '2025-04-20 08:14:28', '2025-04-20 08:14:28'),
(35, 7, 'P00035', NULL, 'Kompor Gas Rinnai', 'Rinnai', 18732, 0, 28637, 24, 10, '2025-04-20 08:14:28', '2025-04-20 08:14:28'),
(36, 8, 'P00036', NULL, 'Wardah Lip Cream 05', 'Wardah', 16393, 0, 22394, 60, 10, '2025-04-20 08:14:28', '2025-04-20 08:14:28'),
(37, 8, 'P00037', NULL, 'Garnier Bright Serum', 'Garnier', 17053, 0, 26046, 62, 10, '2025-04-20 08:14:28', '2025-07-08 13:52:26'),
(38, 8, 'P00038', NULL, 'Ponds White Beauty', 'Ponds', 16729, 0, 25015, 45, 10, '2025-04-20 08:14:28', '2025-04-20 08:14:28'),
(39, 8, 'P00039', NULL, 'Nivea Creme 60ml', 'Nivea', 11874, 0, 20877, 88, 10, '2025-04-20 08:14:28', '2025-04-20 08:14:28'),
(40, 8, 'P00040', NULL, 'Viva Face Tonic', 'Viva', 14272, 0, 21913, 69, 10, '2025-04-20 08:14:28', '2025-04-20 08:14:28');

-- --------------------------------------------------------

--
-- Table structure for table `retur_pembelian`
--

CREATE TABLE `retur_pembelian` (
  `id_retur` int(10) UNSIGNED NOT NULL,
  `id_pembelian` int(10) UNSIGNED NOT NULL,
  `alasan` text DEFAULT NULL,
  `tanggal_retur` date DEFAULT curdate(),
  `id_user` bigint(20) UNSIGNED NOT NULL,
  `created_at` timestamp NULL DEFAULT current_timestamp(),
  `updated_at` timestamp NULL DEFAULT current_timestamp() ON UPDATE current_timestamp()
) ENGINE=InnoDB DEFAULT CHARSET=utf8mb4 COLLATE=utf8mb4_unicode_ci;

-- --------------------------------------------------------

--
-- Table structure for table `retur_pembelian_detail`
--

CREATE TABLE `retur_pembelian_detail` (
  `id_detail` int(10) UNSIGNED NOT NULL,
  `id_retur` int(10) UNSIGNED NOT NULL,
  `id_produk` int(10) UNSIGNED NOT NULL,
  `jumlah` int(11) NOT NULL,
  `alasan` varchar(255) DEFAULT NULL,
  `created_at` datetime DEFAULT current_timestamp(),
  `updated_at` datetime DEFAULT current_timestamp() ON UPDATE current_timestamp()
) ENGINE=InnoDB DEFAULT CHARSET=utf8mb4 COLLATE=utf8mb4_general_ci;

-- --------------------------------------------------------

--
-- Table structure for table `sessions`
--

CREATE TABLE `sessions` (
  `id` varchar(255) NOT NULL,
  `user_id` bigint(20) UNSIGNED DEFAULT NULL,
  `ip_address` varchar(45) DEFAULT NULL,
  `user_agent` text DEFAULT NULL,
  `payload` text NOT NULL,
  `last_activity` int(11) NOT NULL
) ENGINE=InnoDB DEFAULT CHARSET=utf8mb4 COLLATE=utf8mb4_unicode_ci;

--
-- Dumping data for table `sessions`
--

INSERT INTO `sessions` (`id`, `user_id`, `ip_address`, `user_agent`, `payload`, `last_activity`) VALUES
('KR89Sn1YfZApZcOqk9X5smuiBCQeqoUJzJp2ewPq', 2, '::1', 'Mozilla/5.0 (Windows NT 10.0; Win64; x64) AppleWebKit/537.36 (KHTML, like Gecko) Chrome/138.0.0.0 Safari/537.36 Edg/138.0.0.0', 'YTo1OntzOjY6Il90b2tlbiI7czo0MDoiZGYwUTByN1Jsd3hmbHN5eEdPb1dZRUhWcTFjRnJ6SHBSbGtqWWFsQiI7czo2OiJfZmxhc2giO2E6Mjp7czozOiJvbGQiO2E6MDp7fXM6MzoibmV3IjthOjA6e319czo5OiJfcHJldmlvdXMiO2E6MTp7czozOiJ1cmwiO3M6Mzk6Imh0dHA6Ly9sb2NhbGhvc3QvdG9rby10YW5qdW5nL2Rhc2hib2FyZCI7fXM6NTA6ImxvZ2luX3dlYl81OWJhMzZhZGRjMmIyZjk0MDE1ODBmMDE0YzdmNThlYTRlMzA5ODlkIjtpOjI7czoxNzoicGFzc3dvcmRfaGFzaF93ZWIiO3M6NjA6IiQyeSQxMCRaR0VITGtaQkludnpVd1lrQU1ZeWIueno4TnVGL0JETGpYZDVLZ0R1akRtMGtrOE8xMTM2bSI7fQ==', 1751983496);

-- --------------------------------------------------------

--
-- Table structure for table `setting`
--

CREATE TABLE `setting` (
  `id_setting` int(10) UNSIGNED NOT NULL,
  `nama_perusahaan` varchar(255) NOT NULL,
  `alamat` text DEFAULT NULL,
  `telepon` varchar(255) NOT NULL,
  `tipe_nota` tinyint(4) NOT NULL,
  `diskon` smallint(6) NOT NULL DEFAULT 0,
  `path_logo` varchar(255) NOT NULL,
  `path_kartu_member` varchar(255) NOT NULL,
  `created_at` timestamp NULL DEFAULT NULL,
  `updated_at` timestamp NULL DEFAULT NULL
) ENGINE=InnoDB DEFAULT CHARSET=utf8mb4 COLLATE=utf8mb4_unicode_ci;

--
-- Dumping data for table `setting`
--

INSERT INTO `setting` (`id_setting`, `nama_perusahaan`, `alamat`, `telepon`, `tipe_nota`, `diskon`, `path_logo`, `path_kartu_member`, `created_at`, `updated_at`) VALUES
(1, 'Toko Tanjung', 'Jl. Berbah-Kalasan, Dusun Gendingsari, Tirtomartani, Kalasan, Jrebesan, Kalitirto, Kec. Berbah, Kabupaten Sleman.', '081234779987', 1, 5, '/img/logo.png', '/img/logo-2025-07-08205915.png', NULL, '2025-07-08 13:59:15');

-- --------------------------------------------------------

--
-- Table structure for table `supplier`
--

CREATE TABLE `supplier` (
  `id_supplier` int(10) UNSIGNED NOT NULL,
  `nama` varchar(255) NOT NULL,
  `alamat` text DEFAULT NULL,
  `telepon` varchar(255) NOT NULL,
  `created_at` timestamp NULL DEFAULT NULL,
  `updated_at` timestamp NULL DEFAULT NULL
) ENGINE=InnoDB DEFAULT CHARSET=utf8mb4 COLLATE=utf8mb4_unicode_ci;

--
-- Dumping data for table `supplier`
--

INSERT INTO `supplier` (`id_supplier`, `nama`, `alamat`, `telepon`, `created_at`, `updated_at`) VALUES
(1, 'PT Sumber Rejeki', 'Jl. Merdeka No. 12', '081234567891', '2025-04-20 15:28:35', '2025-04-20 15:28:35'),
(2, 'UD Makmur Jaya', 'Jl. Kenanga No. 5', '081298765432', '2025-04-20 15:28:35', '2025-04-20 15:28:35'),
(3, 'CV Aneka Sari', 'Jl. Diponegoro No. 8', '085612345678', '2025-04-20 15:28:35', '2025-04-20 15:28:35'),
(4, 'PT Harapan Baru', 'Jl. Veteran No. 77', '082112223333', '2025-04-20 15:28:35', '2025-04-20 15:28:35'),
(5, 'Toko Grosir Sukses', 'Jl. Malioboro No. 21', '089512345678', '2025-04-20 15:28:35', '2025-04-20 15:28:35');

-- --------------------------------------------------------

--
-- Table structure for table `users`
--

CREATE TABLE `users` (
  `id` bigint(20) UNSIGNED NOT NULL,
  `name` varchar(255) NOT NULL,
  `email` varchar(255) NOT NULL,
  `email_verified_at` timestamp NULL DEFAULT NULL,
  `password` varchar(255) NOT NULL,
  `foto` varchar(255) DEFAULT NULL,
  `level` tinyint(4) NOT NULL DEFAULT 0,
  `two_factor_secret` text DEFAULT NULL,
  `two_factor_recovery_codes` text DEFAULT NULL,
  `remember_token` varchar(100) DEFAULT NULL,
  `current_team_id` bigint(20) UNSIGNED DEFAULT NULL,
  `profile_photo_path` text DEFAULT NULL,
  `created_at` timestamp NULL DEFAULT NULL,
  `updated_at` timestamp NULL DEFAULT NULL
) ENGINE=InnoDB DEFAULT CHARSET=utf8mb4 COLLATE=utf8mb4_unicode_ci;

--
-- Dumping data for table `users`
--

INSERT INTO `users` (`id`, `name`, `email`, `email_verified_at`, `password`, `foto`, `level`, `two_factor_secret`, `two_factor_recovery_codes`, `remember_token`, `current_team_id`, `profile_photo_path`, `created_at`, `updated_at`) VALUES
(1, 'Administrator', 'admin@gmail.com', NULL, '$2y$10$zKY3iSJ6IL.rs53Yj2yQ8Oxaqj6FydKXwt8iV6VxFBDPMv0HI.gyu', '/img/user.jpg', 1, NULL, NULL, NULL, NULL, NULL, '2024-11-28 07:08:37', '2024-11-28 07:08:37'),
(2, 'Kasir 1', 'kasir1@gmail.com', NULL, '$2y$10$ZGEHLkZBInvzUwYkAMYyb.zz8NuF/BDLjXd5KgDujDm0kk8O1136m', '/img/user.jpg', 2, NULL, NULL, NULL, NULL, NULL, '2024-11-28 07:08:37', '2024-11-28 07:08:37'),
(3, 'Gudang', 'gudang@gmail.com', NULL, '$2y$10$Gb1/AvRtZ76LOPD2/GGK3OTtH8vlF7hdAHO5n7AyK/9/ao3bxLwJO', '/img/user.jpg', 3, NULL, NULL, NULL, NULL, NULL, '2025-04-06 01:08:18', '2025-04-06 01:08:18');

--
-- Indexes for dumped tables
--

--
-- Indexes for table `failed_jobs`
--
ALTER TABLE `failed_jobs`
  ADD PRIMARY KEY (`id`),
  ADD UNIQUE KEY `failed_jobs_uuid_unique` (`uuid`);

--
-- Indexes for table `kategori`
--
ALTER TABLE `kategori`
  ADD PRIMARY KEY (`id_kategori`),
  ADD UNIQUE KEY `kategori_nama_kategori_unique` (`nama_kategori`);

--
-- Indexes for table `member`
--
ALTER TABLE `member`
  ADD PRIMARY KEY (`id_member`),
  ADD UNIQUE KEY `member_kode_member_unique` (`kode_member`);

--
-- Indexes for table `migrations`
--
ALTER TABLE `migrations`
  ADD PRIMARY KEY (`id`);

--
-- Indexes for table `password_resets`
--
ALTER TABLE `password_resets`
  ADD KEY `password_resets_email_index` (`email`);

--
-- Indexes for table `pembelian`
--
ALTER TABLE `pembelian`
  ADD PRIMARY KEY (`id_pembelian`);

--
-- Indexes for table `pembelian_detail`
--
ALTER TABLE `pembelian_detail`
  ADD PRIMARY KEY (`id_pembelian_detail`);

--
-- Indexes for table `pengeluaran`
--
ALTER TABLE `pengeluaran`
  ADD PRIMARY KEY (`id_pengeluaran`);

--
-- Indexes for table `penjualan`
--
ALTER TABLE `penjualan`
  ADD PRIMARY KEY (`id_penjualan`);

--
-- Indexes for table `penjualan_detail`
--
ALTER TABLE `penjualan_detail`
  ADD PRIMARY KEY (`id_penjualan_detail`);

--
-- Indexes for table `penjualan_detail_batch`
--
ALTER TABLE `penjualan_detail_batch`
  ADD PRIMARY KEY (`id`),
  ADD KEY `fk_penjualan_detail_batch_penjualan_detail` (`id_penjualan_detail`),
  ADD KEY `fk_penjualan_detail_batch_pembelian_detail` (`id_pembelian_detail`);

--
-- Indexes for table `personal_access_tokens`
--
ALTER TABLE `personal_access_tokens`
  ADD PRIMARY KEY (`id`),
  ADD UNIQUE KEY `personal_access_tokens_token_unique` (`token`),
  ADD KEY `personal_access_tokens_tokenable_type_tokenable_id_index` (`tokenable_type`,`tokenable_id`);

--
-- Indexes for table `produk`
--
ALTER TABLE `produk`
  ADD PRIMARY KEY (`id_produk`),
  ADD UNIQUE KEY `produk_nama_produk_unique` (`nama_produk`),
  ADD UNIQUE KEY `produk_kode_produk_unique` (`kode_produk`),
  ADD KEY `produk_id_kategori_foreign` (`id_kategori`);

--
-- Indexes for table `retur_pembelian`
--
ALTER TABLE `retur_pembelian`
  ADD PRIMARY KEY (`id_retur`);

--
-- Indexes for table `retur_pembelian_detail`
--
ALTER TABLE `retur_pembelian_detail`
  ADD PRIMARY KEY (`id_detail`),
  ADD KEY `id_retur` (`id_retur`),
  ADD KEY `id_produk` (`id_produk`);

--
-- Indexes for table `sessions`
--
ALTER TABLE `sessions`
  ADD PRIMARY KEY (`id`),
  ADD KEY `sessions_user_id_index` (`user_id`),
  ADD KEY `sessions_last_activity_index` (`last_activity`);

--
-- Indexes for table `setting`
--
ALTER TABLE `setting`
  ADD PRIMARY KEY (`id_setting`);

--
-- Indexes for table `supplier`
--
ALTER TABLE `supplier`
  ADD PRIMARY KEY (`id_supplier`);

--
-- Indexes for table `users`
--
ALTER TABLE `users`
  ADD PRIMARY KEY (`id`),
  ADD UNIQUE KEY `users_email_unique` (`email`);

--
-- AUTO_INCREMENT for dumped tables
--

--
-- AUTO_INCREMENT for table `failed_jobs`
--
ALTER TABLE `failed_jobs`
  MODIFY `id` bigint(20) UNSIGNED NOT NULL AUTO_INCREMENT;

--
-- AUTO_INCREMENT for table `kategori`
--
ALTER TABLE `kategori`
  MODIFY `id_kategori` int(10) UNSIGNED NOT NULL AUTO_INCREMENT, AUTO_INCREMENT=9;

--
-- AUTO_INCREMENT for table `member`
--
ALTER TABLE `member`
  MODIFY `id_member` int(10) UNSIGNED NOT NULL AUTO_INCREMENT, AUTO_INCREMENT=11;

--
-- AUTO_INCREMENT for table `migrations`
--
ALTER TABLE `migrations`
  MODIFY `id` int(10) UNSIGNED NOT NULL AUTO_INCREMENT, AUTO_INCREMENT=22;

--
-- AUTO_INCREMENT for table `pembelian`
--
ALTER TABLE `pembelian`
  MODIFY `id_pembelian` int(10) UNSIGNED NOT NULL AUTO_INCREMENT, AUTO_INCREMENT=244;

--
-- AUTO_INCREMENT for table `pembelian_detail`
--
ALTER TABLE `pembelian_detail`
  MODIFY `id_pembelian_detail` int(10) UNSIGNED NOT NULL AUTO_INCREMENT, AUTO_INCREMENT=747;

--
-- AUTO_INCREMENT for table `pengeluaran`
--
ALTER TABLE `pengeluaran`
  MODIFY `id_pengeluaran` int(10) UNSIGNED NOT NULL AUTO_INCREMENT, AUTO_INCREMENT=4;

--
-- AUTO_INCREMENT for table `penjualan`
--
ALTER TABLE `penjualan`
  MODIFY `id_penjualan` int(10) UNSIGNED NOT NULL AUTO_INCREMENT, AUTO_INCREMENT=380;

--
-- AUTO_INCREMENT for table `penjualan_detail`
--
ALTER TABLE `penjualan_detail`
  MODIFY `id_penjualan_detail` int(10) UNSIGNED NOT NULL AUTO_INCREMENT, AUTO_INCREMENT=1118;

--
-- AUTO_INCREMENT for table `penjualan_detail_batch`
--
ALTER TABLE `penjualan_detail_batch`
  MODIFY `id` bigint(20) UNSIGNED NOT NULL AUTO_INCREMENT, AUTO_INCREMENT=22;

--
-- AUTO_INCREMENT for table `personal_access_tokens`
--
ALTER TABLE `personal_access_tokens`
  MODIFY `id` bigint(20) UNSIGNED NOT NULL AUTO_INCREMENT;

--
-- AUTO_INCREMENT for table `produk`
--
ALTER TABLE `produk`
  MODIFY `id_produk` int(10) UNSIGNED NOT NULL AUTO_INCREMENT, AUTO_INCREMENT=43;

--
-- AUTO_INCREMENT for table `retur_pembelian`
--
ALTER TABLE `retur_pembelian`
  MODIFY `id_retur` int(10) UNSIGNED NOT NULL AUTO_INCREMENT, AUTO_INCREMENT=48;

--
-- AUTO_INCREMENT for table `retur_pembelian_detail`
--
ALTER TABLE `retur_pembelian_detail`
  MODIFY `id_detail` int(10) UNSIGNED NOT NULL AUTO_INCREMENT, AUTO_INCREMENT=27;

--
-- AUTO_INCREMENT for table `setting`
--
ALTER TABLE `setting`
  MODIFY `id_setting` int(10) UNSIGNED NOT NULL AUTO_INCREMENT, AUTO_INCREMENT=2;

--
-- AUTO_INCREMENT for table `supplier`
--
ALTER TABLE `supplier`
  MODIFY `id_supplier` int(10) UNSIGNED NOT NULL AUTO_INCREMENT, AUTO_INCREMENT=6;

--
-- AUTO_INCREMENT for table `users`
--
ALTER TABLE `users`
  MODIFY `id` bigint(20) UNSIGNED NOT NULL AUTO_INCREMENT, AUTO_INCREMENT=4;

--
-- Constraints for dumped tables
--

--
-- Constraints for table `penjualan_detail_batch`
--
ALTER TABLE `penjualan_detail_batch`
  ADD CONSTRAINT `fk_penjualan_detail_batch_pembelian_detail` FOREIGN KEY (`id_pembelian_detail`) REFERENCES `pembelian_detail` (`id_pembelian_detail`) ON DELETE CASCADE,
  ADD CONSTRAINT `fk_penjualan_detail_batch_penjualan_detail` FOREIGN KEY (`id_penjualan_detail`) REFERENCES `penjualan_detail` (`id_penjualan_detail`) ON DELETE CASCADE;

--
-- Constraints for table `produk`
--
ALTER TABLE `produk`
  ADD CONSTRAINT `produk_id_kategori_foreign` FOREIGN KEY (`id_kategori`) REFERENCES `kategori` (`id_kategori`);

--
-- Constraints for table `retur_pembelian_detail`
--
ALTER TABLE `retur_pembelian_detail`
  ADD CONSTRAINT `retur_pembelian_detail_ibfk_1` FOREIGN KEY (`id_retur`) REFERENCES `retur_pembelian` (`id_retur`) ON DELETE CASCADE,
  ADD CONSTRAINT `retur_pembelian_detail_ibfk_2` FOREIGN KEY (`id_produk`) REFERENCES `produk` (`id_produk`) ON DELETE CASCADE;
COMMIT;

/*!40101 SET CHARACTER_SET_CLIENT=@OLD_CHARACTER_SET_CLIENT */;
/*!40101 SET CHARACTER_SET_RESULTS=@OLD_CHARACTER_SET_RESULTS */;
/*!40101 SET COLLATION_CONNECTION=@OLD_COLLATION_CONNECTION */;
